3638,3634,20.976,-89.633,29.081,-110.99,0
3638,3588,20.976,-89.633,27.482,-109.94,0
3638,3631,20.976,-89.633,24.805,-107.42,0
3638,3572,20.976,-89.633,19.834,-90.527,0
3638,3593,20.976,-89.633,18.932,-99.241,0
3638,3646,20.976,-89.633,32.497,-116.97,0
3638,3579,20.976,-89.633,20.085,-98.763,0
3638,3623,20.976,-89.633,25.549,-103.4,0
3638,3592,20.976,-89.633,21.501,-104.88,0
3638,3650,20.976,-89.633,19.572,-99.039,0
3638,3626,20.976,-89.633,20.612,-100.41,0
3638,3618,20.976,-89.633,16.746,-93.133,0
3638,3635,20.976,-89.633,21.883,-102.29,0
3638,3647,20.976,-89.633,31.654,-106.44,0
3638,3540,20.976,-89.633,21.989,-99.016,0
3638,3566,20.976,-89.633,14.911,-92.278,0
3638,3265,20.976,-89.633,18.906,-100.15,0
3638,3520,20.976,-89.633,19.089,-102.35,0
3638,3478,20.976,-89.633,17.64,-101.56,0
3638,3456,20.976,-89.633,31.342,-113.53,0
3638,3636,20.976,-89.633,22.124,-100.95,0
3638,3608,20.976,-89.633,19.178,-96.163,0
3638,3321,20.976,-89.633,16.344,-98.06,0
3638,3562,20.976,-89.633,20.534,-97.445,0
3638,3651,20.976,-89.633,19.343,-99.05,0
3638,3615,20.976,-89.633,19.294,-99.631,0
3638,3645,20.976,-89.633,21.122,-101.67,0
3638,3616,20.976,-89.633,24.023,-104.65,0
3638,3578,20.976,-89.633,17.081,-96.736,0
3638,3642,20.976,-89.633,25.649,-100.3,0
3638,3590,20.976,-89.633,23.741,-99.143,0
3638,3560,20.976,-89.633,18.65,-91.798,0
3638,3494,20.976,-89.633,16.197,-95.197,0
3638,3445,20.976,-89.633,17.805,-97.783,0
3638,3596,20.976,-89.633,17.993,-92.953,0
3638,3545,20.976,-89.633,19.242,-103.73,0
3638,3573,20.976,-89.633,18.134,-94.463,0
3638,3622,20.976,-89.633,19.704,-101.21,0
3638,3548,20.976,-89.633,19.993,-102.29,0
3638,3629,20.976,-89.633,16.835,-99.828,0
3638,3599,20.976,-89.633,27.452,-99.545,0
3638,3504,20.976,-89.633,19.436,-100.35,0
3638,3649,20.976,-89.633,20.674,-103.34,0
3638,3273,20.976,-89.633,15.875,-97.077,0
3638,3365,20.976,-89.633,20.49,-99.223,0
3638,3594,20.976,-89.633,20.529,-100.82,0
3638,3648,20.976,-89.633,19.04,-98.193,0
3638,3542,20.976,-89.633,22.763,-102.59,0
3638,3576,20.976,-89.633,18.461,-97.408,0
3638,3601,20.976,-89.633,23.247,-106.42,0
3634,3588,29.081,-110.99,27.482,-109.94,0
3634,3631,29.081,-110.99,24.805,-107.42,0
3634,3572,29.081,-110.99,19.834,-90.527,0
3634,3593,29.081,-110.99,18.932,-99.241,0
3634,3646,29.081,-110.99,32.497,-116.97,0
3634,3579,29.081,-110.99,20.085,-98.763,0
3634,3623,29.081,-110.99,25.549,-103.4,0
3634,3592,29.081,-110.99,21.501,-104.88,0
3634,3650,29.081,-110.99,19.572,-99.039,0
3634,3626,29.081,-110.99,20.612,-100.41,0
3634,3618,29.081,-110.99,16.746,-93.133,0
3634,3635,29.081,-110.99,21.883,-102.29,0
3634,3647,29.081,-110.99,31.654,-106.44,0
3634,3540,29.081,-110.99,21.989,-99.016,0
3634,3566,29.081,-110.99,14.911,-92.278,0
3634,3265,29.081,-110.99,18.906,-100.15,0
3634,3520,29.081,-110.99,19.089,-102.35,0
3634,3478,29.081,-110.99,17.64,-101.56,0
3634,3456,29.081,-110.99,31.342,-113.53,0
3634,3636,29.081,-110.99,22.124,-100.95,0
3634,3608,29.081,-110.99,19.178,-96.163,0
3634,3321,29.081,-110.99,16.344,-98.06,0
3634,3562,29.081,-110.99,20.534,-97.445,0
3634,3651,29.081,-110.99,19.343,-99.05,0
3634,3615,29.081,-110.99,19.294,-99.631,0
3634,3645,29.081,-110.99,21.122,-101.67,0
3634,3616,29.081,-110.99,24.023,-104.65,0
3634,3578,29.081,-110.99,17.081,-96.736,0
3634,3642,29.081,-110.99,25.649,-100.3,0
3634,3590,29.081,-110.99,23.741,-99.143,0
3634,3560,29.081,-110.99,18.65,-91.798,0
3634,3494,29.081,-110.99,16.197,-95.197,0
3634,3445,29.081,-110.99,17.805,-97.783,0
3634,3596,29.081,-110.99,17.993,-92.953,0
3634,3545,29.081,-110.99,19.242,-103.73,0
3634,3573,29.081,-110.99,18.134,-94.463,0
3634,3622,29.081,-110.99,19.704,-101.21,0
3634,3548,29.081,-110.99,19.993,-102.29,0
3634,3629,29.081,-110.99,16.835,-99.828,0
3634,3599,29.081,-110.99,27.452,-99.545,0
3634,3504,29.081,-110.99,19.436,-100.35,0
3634,3649,29.081,-110.99,20.674,-103.34,0
3634,3273,29.081,-110.99,15.875,-97.077,0
3634,3365,29.081,-110.99,20.49,-99.223,0
3634,3594,29.081,-110.99,20.529,-100.82,0
3634,3648,29.081,-110.99,19.04,-98.193,0
3634,3542,29.081,-110.99,22.763,-102.59,0
3634,3576,29.081,-110.99,18.461,-97.408,0
3634,3601,29.081,-110.99,23.247,-106.42,0
3588,3631,27.482,-109.94,24.805,-107.42,0
3588,3572,27.482,-109.94,19.834,-90.527,0
3588,3593,27.482,-109.94,18.932,-99.241,0
3588,3646,27.482,-109.94,32.497,-116.97,0
3588,3579,27.482,-109.94,20.085,-98.763,0
3588,3623,27.482,-109.94,25.549,-103.4,0
3588,3592,27.482,-109.94,21.501,-104.88,0
3588,3650,27.482,-109.94,19.572,-99.039,0
3588,3626,27.482,-109.94,20.612,-100.41,0
3588,3618,27.482,-109.94,16.746,-93.133,0
3588,3635,27.482,-109.94,21.883,-102.29,0
3588,3647,27.482,-109.94,31.654,-106.44,0
3588,3540,27.482,-109.94,21.989,-99.016,0
3588,3566,27.482,-109.94,14.911,-92.278,0
3588,3265,27.482,-109.94,18.906,-100.15,0
3588,3520,27.482,-109.94,19.089,-102.35,0
3588,3478,27.482,-109.94,17.64,-101.56,0
3588,3456,27.482,-109.94,31.342,-113.53,0
3588,3636,27.482,-109.94,22.124,-100.95,0
3588,3608,27.482,-109.94,19.178,-96.163,0
3588,3321,27.482,-109.94,16.344,-98.06,0
3588,3562,27.482,-109.94,20.534,-97.445,0
3588,3651,27.482,-109.94,19.343,-99.05,0
3588,3615,27.482,-109.94,19.294,-99.631,0
3588,3645,27.482,-109.94,21.122,-101.67,0
3588,3616,27.482,-109.94,24.023,-104.65,0
3588,3578,27.482,-109.94,17.081,-96.736,0
3588,3642,27.482,-109.94,25.649,-100.3,0
3588,3590,27.482,-109.94,23.741,-99.143,0
3588,3560,27.482,-109.94,18.65,-91.798,0
3588,3494,27.482,-109.94,16.197,-95.197,0
3588,3445,27.482,-109.94,17.805,-97.783,0
3588,3596,27.482,-109.94,17.993,-92.953,0
3588,3545,27.482,-109.94,19.242,-103.73,0
3588,3573,27.482,-109.94,18.134,-94.463,0
3588,3622,27.482,-109.94,19.704,-101.21,0
3588,3548,27.482,-109.94,19.993,-102.29,0
3588,3629,27.482,-109.94,16.835,-99.828,0
3588,3599,27.482,-109.94,27.452,-99.545,0
3588,3504,27.482,-109.94,19.436,-100.35,0
3588,3649,27.482,-109.94,20.674,-103.34,0
3588,3273,27.482,-109.94,15.875,-97.077,0
3588,3365,27.482,-109.94,20.49,-99.223,0
3588,3594,27.482,-109.94,20.529,-100.82,0
3588,3648,27.482,-109.94,19.04,-98.193,0
3588,3542,27.482,-109.94,22.763,-102.59,0
3588,3576,27.482,-109.94,18.461,-97.408,0
3588,3601,27.482,-109.94,23.247,-106.42,0
3631,3572,24.805,-107.42,19.834,-90.527,0
3631,3593,24.805,-107.42,18.932,-99.241,0
3631,3646,24.805,-107.42,32.497,-116.97,0
3631,3579,24.805,-107.42,20.085,-98.763,0
3631,3623,24.805,-107.42,25.549,-103.4,0
3631,3592,24.805,-107.42,21.501,-104.88,0
3631,3650,24.805,-107.42,19.572,-99.039,0
3631,3626,24.805,-107.42,20.612,-100.41,0
3631,3618,24.805,-107.42,16.746,-93.133,0
3631,3635,24.805,-107.42,21.883,-102.29,0
3631,3647,24.805,-107.42,31.654,-106.44,0
3631,3540,24.805,-107.42,21.989,-99.016,0
3631,3566,24.805,-107.42,14.911,-92.278,0
3631,3265,24.805,-107.42,18.906,-100.15,0
3631,3520,24.805,-107.42,19.089,-102.35,0
3631,3478,24.805,-107.42,17.64,-101.56,0
3631,3456,24.805,-107.42,31.342,-113.53,0
3631,3636,24.805,-107.42,22.124,-100.95,0
3631,3608,24.805,-107.42,19.178,-96.163,0
3631,3321,24.805,-107.42,16.344,-98.06,0
3631,3562,24.805,-107.42,20.534,-97.445,0
3631,3651,24.805,-107.42,19.343,-99.05,0
3631,3615,24.805,-107.42,19.294,-99.631,0
3631,3645,24.805,-107.42,21.122,-101.67,0
3631,3616,24.805,-107.42,24.023,-104.65,0
3631,3578,24.805,-107.42,17.081,-96.736,0
3631,3642,24.805,-107.42,25.649,-100.3,0
3631,3590,24.805,-107.42,23.741,-99.143,0
3631,3560,24.805,-107.42,18.65,-91.798,0
3631,3494,24.805,-107.42,16.197,-95.197,0
3631,3445,24.805,-107.42,17.805,-97.783,0
3631,3596,24.805,-107.42,17.993,-92.953,0
3631,3545,24.805,-107.42,19.242,-103.73,0
3631,3573,24.805,-107.42,18.134,-94.463,0
3631,3622,24.805,-107.42,19.704,-101.21,0
3631,3548,24.805,-107.42,19.993,-102.29,0
3631,3629,24.805,-107.42,16.835,-99.828,0
3631,3599,24.805,-107.42,27.452,-99.545,0
3631,3504,24.805,-107.42,19.436,-100.35,0
3631,3649,24.805,-107.42,20.674,-103.34,0
3631,3273,24.805,-107.42,15.875,-97.077,0
3631,3365,24.805,-107.42,20.49,-99.223,0
3631,3594,24.805,-107.42,20.529,-100.82,0
3631,3648,24.805,-107.42,19.04,-98.193,0
3631,3542,24.805,-107.42,22.763,-102.59,0
3631,3576,24.805,-107.42,18.461,-97.408,0
3631,3601,24.805,-107.42,23.247,-106.42,0
3572,3593,19.834,-90.527,18.932,-99.241,0
3572,3646,19.834,-90.527,32.497,-116.97,0
3572,3579,19.834,-90.527,20.085,-98.763,0
3572,3623,19.834,-90.527,25.549,-103.4,0
3572,3592,19.834,-90.527,21.501,-104.88,0
3572,3650,19.834,-90.527,19.572,-99.039,0
3572,3626,19.834,-90.527,20.612,-100.41,0
3572,3618,19.834,-90.527,16.746,-93.133,0
3572,3635,19.834,-90.527,21.883,-102.29,0
3572,3647,19.834,-90.527,31.654,-106.44,0
3572,3540,19.834,-90.527,21.989,-99.016,0
3572,3566,19.834,-90.527,14.911,-92.278,0
3572,3265,19.834,-90.527,18.906,-100.15,0
3572,3520,19.834,-90.527,19.089,-102.35,0
3572,3478,19.834,-90.527,17.64,-101.56,0
3572,3456,19.834,-90.527,31.342,-113.53,0
3572,3636,19.834,-90.527,22.124,-100.95,0
3572,3608,19.834,-90.527,19.178,-96.163,0
3572,3321,19.834,-90.527,16.344,-98.06,0
3572,3562,19.834,-90.527,20.534,-97.445,0
3572,3651,19.834,-90.527,19.343,-99.05,0
3572,3615,19.834,-90.527,19.294,-99.631,0
3572,3645,19.834,-90.527,21.122,-101.67,0
3572,3616,19.834,-90.527,24.023,-104.65,0
3572,3578,19.834,-90.527,17.081,-96.736,0
3572,3642,19.834,-90.527,25.649,-100.3,0
3572,3590,19.834,-90.527,23.741,-99.143,0
3572,3560,19.834,-90.527,18.65,-91.798,0
3572,3494,19.834,-90.527,16.197,-95.197,0
3572,3445,19.834,-90.527,17.805,-97.783,0
3572,3596,19.834,-90.527,17.993,-92.953,0
3572,3545,19.834,-90.527,19.242,-103.73,0
3572,3573,19.834,-90.527,18.134,-94.463,0
3572,3622,19.834,-90.527,19.704,-101.21,0
3572,3548,19.834,-90.527,19.993,-102.29,0
3572,3629,19.834,-90.527,16.835,-99.828,0
3572,3599,19.834,-90.527,27.452,-99.545,0
3572,3504,19.834,-90.527,19.436,-100.35,0
3572,3649,19.834,-90.527,20.674,-103.34,0
3572,3273,19.834,-90.527,15.875,-97.077,0
3572,3365,19.834,-90.527,20.49,-99.223,0
3572,3594,19.834,-90.527,20.529,-100.82,0
3572,3648,19.834,-90.527,19.04,-98.193,0
3572,3542,19.834,-90.527,22.763,-102.59,0
3572,3576,19.834,-90.527,18.461,-97.408,0
3572,3601,19.834,-90.527,23.247,-106.42,0
3593,3646,18.932,-99.241,32.497,-116.97,0
3593,3579,18.932,-99.241,20.085,-98.763,0
3593,3623,18.932,-99.241,25.549,-103.4,0
3593,3592,18.932,-99.241,21.501,-104.88,0
3593,3650,18.932,-99.241,19.572,-99.039,0
3593,3626,18.932,-99.241,20.612,-100.41,0
3593,3618,18.932,-99.241,16.746,-93.133,0
3593,3635,18.932,-99.241,21.883,-102.29,0
3593,3647,18.932,-99.241,31.654,-106.44,0
3593,3540,18.932,-99.241,21.989,-99.016,0
3593,3566,18.932,-99.241,14.911,-92.278,0
3593,3265,18.932,-99.241,18.906,-100.15,0
3593,3520,18.932,-99.241,19.089,-102.35,0
3593,3478,18.932,-99.241,17.64,-101.56,0
3593,3456,18.932,-99.241,31.342,-113.53,0
3593,3636,18.932,-99.241,22.124,-100.95,0
3593,3608,18.932,-99.241,19.178,-96.163,0
3593,3321,18.932,-99.241,16.344,-98.06,0
3593,3562,18.932,-99.241,20.534,-97.445,0
3593,3651,18.932,-99.241,19.343,-99.05,0
3593,3615,18.932,-99.241,19.294,-99.631,0
3593,3645,18.932,-99.241,21.122,-101.67,0
3593,3616,18.932,-99.241,24.023,-104.65,0
3593,3578,18.932,-99.241,17.081,-96.736,0
3593,3642,18.932,-99.241,25.649,-100.3,0
3593,3590,18.932,-99.241,23.741,-99.143,0
3593,3560,18.932,-99.241,18.65,-91.798,0
3593,3494,18.932,-99.241,16.197,-95.197,0
3593,3445,18.932,-99.241,17.805,-97.783,0
3593,3596,18.932,-99.241,17.993,-92.953,0
3593,3545,18.932,-99.241,19.242,-103.73,0
3593,3573,18.932,-99.241,18.134,-94.463,0
3593,3622,18.932,-99.241,19.704,-101.21,0
3593,3548,18.932,-99.241,19.993,-102.29,0
3593,3629,18.932,-99.241,16.835,-99.828,0
3593,3599,18.932,-99.241,27.452,-99.545,0
3593,3504,18.932,-99.241,19.436,-100.35,0
3593,3649,18.932,-99.241,20.674,-103.34,0
3593,3273,18.932,-99.241,15.875,-97.077,0
3593,3365,18.932,-99.241,20.49,-99.223,0
3593,3594,18.932,-99.241,20.529,-100.82,0
3593,3648,18.932,-99.241,19.04,-98.193,0
3593,3542,18.932,-99.241,22.763,-102.59,0
3593,3576,18.932,-99.241,18.461,-97.408,0
3593,3601,18.932,-99.241,23.247,-106.42,0
3646,3579,32.497,-116.97,20.085,-98.763,0
3646,3623,32.497,-116.97,25.549,-103.4,0
3646,3592,32.497,-116.97,21.501,-104.88,0
3646,3650,32.497,-116.97,19.572,-99.039,0
3646,3626,32.497,-116.97,20.612,-100.41,0
3646,3618,32.497,-116.97,16.746,-93.133,0
3646,3635,32.497,-116.97,21.883,-102.29,0
3646,3647,32.497,-116.97,31.654,-106.44,0
3646,3540,32.497,-116.97,21.989,-99.016,0
3646,3566,32.497,-116.97,14.911,-92.278,0
3646,3265,32.497,-116.97,18.906,-100.15,0
3646,3520,32.497,-116.97,19.089,-102.35,0
3646,3478,32.497,-116.97,17.64,-101.56,0
3646,3456,32.497,-116.97,31.342,-113.53,0
3646,3636,32.497,-116.97,22.124,-100.95,0
3646,3608,32.497,-116.97,19.178,-96.163,0
3646,3321,32.497,-116.97,16.344,-98.06,0
3646,3562,32.497,-116.97,20.534,-97.445,0
3646,3651,32.497,-116.97,19.343,-99.05,0
3646,3615,32.497,-116.97,19.294,-99.631,0
3646,3645,32.497,-116.97,21.122,-101.67,0
3646,3616,32.497,-116.97,24.023,-104.65,0
3646,3578,32.497,-116.97,17.081,-96.736,0
3646,3642,32.497,-116.97,25.649,-100.3,0
3646,3590,32.497,-116.97,23.741,-99.143,0
3646,3560,32.497,-116.97,18.65,-91.798,0
3646,3494,32.497,-116.97,16.197,-95.197,0
3646,3445,32.497,-116.97,17.805,-97.783,0
3646,3596,32.497,-116.97,17.993,-92.953,0
3646,3545,32.497,-116.97,19.242,-103.73,0
3646,3573,32.497,-116.97,18.134,-94.463,0
3646,3622,32.497,-116.97,19.704,-101.21,0
3646,3548,32.497,-116.97,19.993,-102.29,0
3646,3629,32.497,-116.97,16.835,-99.828,0
3646,3599,32.497,-116.97,27.452,-99.545,0
3646,3504,32.497,-116.97,19.436,-100.35,0
3646,3649,32.497,-116.97,20.674,-103.34,0
3646,3273,32.497,-116.97,15.875,-97.077,0
3646,3365,32.497,-116.97,20.49,-99.223,0
3646,3594,32.497,-116.97,20.529,-100.82,0
3646,3648,32.497,-116.97,19.04,-98.193,0
3646,3542,32.497,-116.97,22.763,-102.59,0
3646,3576,32.497,-116.97,18.461,-97.408,0
3646,3601,32.497,-116.97,23.247,-106.42,0
3579,3623,20.085,-98.763,25.549,-103.4,0
3579,3592,20.085,-98.763,21.501,-104.88,0
3579,3650,20.085,-98.763,19.572,-99.039,0
3579,3626,20.085,-98.763,20.612,-100.41,0
3579,3618,20.085,-98.763,16.746,-93.133,0
3579,3635,20.085,-98.763,21.883,-102.29,0
3579,3647,20.085,-98.763,31.654,-106.44,0
3579,3540,20.085,-98.763,21.989,-99.016,0
3579,3566,20.085,-98.763,14.911,-92.278,0
3579,3265,20.085,-98.763,18.906,-100.15,0
3579,3520,20.085,-98.763,19.089,-102.35,0
3579,3478,20.085,-98.763,17.64,-101.56,0
3579,3456,20.085,-98.763,31.342,-113.53,0
3579,3636,20.085,-98.763,22.124,-100.95,0
3579,3608,20.085,-98.763,19.178,-96.163,0
3579,3321,20.085,-98.763,16.344,-98.06,0
3579,3562,20.085,-98.763,20.534,-97.445,0
3579,3651,20.085,-98.763,19.343,-99.05,0
3579,3615,20.085,-98.763,19.294,-99.631,0
3579,3645,20.085,-98.763,21.122,-101.67,0
3579,3616,20.085,-98.763,24.023,-104.65,0
3579,3578,20.085,-98.763,17.081,-96.736,0
3579,3642,20.085,-98.763,25.649,-100.3,0
3579,3590,20.085,-98.763,23.741,-99.143,0
3579,3560,20.085,-98.763,18.65,-91.798,0
3579,3494,20.085,-98.763,16.197,-95.197,0
3579,3445,20.085,-98.763,17.805,-97.783,0
3579,3596,20.085,-98.763,17.993,-92.953,0
3579,3545,20.085,-98.763,19.242,-103.73,0
3579,3573,20.085,-98.763,18.134,-94.463,0
3579,3622,20.085,-98.763,19.704,-101.21,0
3579,3548,20.085,-98.763,19.993,-102.29,0
3579,3629,20.085,-98.763,16.835,-99.828,0
3579,3599,20.085,-98.763,27.452,-99.545,0
3579,3504,20.085,-98.763,19.436,-100.35,0
3579,3649,20.085,-98.763,20.674,-103.34,0
3579,3273,20.085,-98.763,15.875,-97.077,0
3579,3365,20.085,-98.763,20.49,-99.223,0
3579,3594,20.085,-98.763,20.529,-100.82,0
3579,3648,20.085,-98.763,19.04,-98.193,0
3579,3542,20.085,-98.763,22.763,-102.59,0
3579,3576,20.085,-98.763,18.461,-97.408,0
3579,3601,20.085,-98.763,23.247,-106.42,0
3623,3592,25.549,-103.4,21.501,-104.88,0
3623,3650,25.549,-103.4,19.572,-99.039,0
3623,3626,25.549,-103.4,20.612,-100.41,0
3623,3618,25.549,-103.4,16.746,-93.133,0
3623,3635,25.549,-103.4,21.883,-102.29,0
3623,3647,25.549,-103.4,31.654,-106.44,0
3623,3540,25.549,-103.4,21.989,-99.016,0
3623,3566,25.549,-103.4,14.911,-92.278,0
3623,3265,25.549,-103.4,18.906,-100.15,0
3623,3520,25.549,-103.4,19.089,-102.35,0
3623,3478,25.549,-103.4,17.64,-101.56,0
3623,3456,25.549,-103.4,31.342,-113.53,0
3623,3636,25.549,-103.4,22.124,-100.95,0
3623,3608,25.549,-103.4,19.178,-96.163,0
3623,3321,25.549,-103.4,16.344,-98.06,0
3623,3562,25.549,-103.4,20.534,-97.445,0
3623,3651,25.549,-103.4,19.343,-99.05,0
3623,3615,25.549,-103.4,19.294,-99.631,0
3623,3645,25.549,-103.4,21.122,-101.67,0
3623,3616,25.549,-103.4,24.023,-104.65,0
3623,3578,25.549,-103.4,17.081,-96.736,0
3623,3642,25.549,-103.4,25.649,-100.3,0
3623,3590,25.549,-103.4,23.741,-99.143,0
3623,3560,25.549,-103.4,18.65,-91.798,0
3623,3494,25.549,-103.4,16.197,-95.197,0
3623,3445,25.549,-103.4,17.805,-97.783,0
3623,3596,25.549,-103.4,17.993,-92.953,0
3623,3545,25.549,-103.4,19.242,-103.73,0
3623,3573,25.549,-103.4,18.134,-94.463,0
3623,3622,25.549,-103.4,19.704,-101.21,0
3623,3548,25.549,-103.4,19.993,-102.29,0
3623,3629,25.549,-103.4,16.835,-99.828,0
3623,3599,25.549,-103.4,27.452,-99.545,0
3623,3504,25.549,-103.4,19.436,-100.35,0
3623,3649,25.549,-103.4,20.674,-103.34,0
3623,3273,25.549,-103.4,15.875,-97.077,0
3623,3365,25.549,-103.4,20.49,-99.223,0
3623,3594,25.549,-103.4,20.529,-100.82,0
3623,3648,25.549,-103.4,19.04,-98.193,0
3623,3542,25.549,-103.4,22.763,-102.59,0
3623,3576,25.549,-103.4,18.461,-97.408,0
3623,3601,25.549,-103.4,23.247,-106.42,0
3592,3650,21.501,-104.88,19.572,-99.039,0
3592,3626,21.501,-104.88,20.612,-100.41,0
3592,3618,21.501,-104.88,16.746,-93.133,0
3592,3635,21.501,-104.88,21.883,-102.29,0
3592,3647,21.501,-104.88,31.654,-106.44,0
3592,3540,21.501,-104.88,21.989,-99.016,0
3592,3566,21.501,-104.88,14.911,-92.278,0
3592,3265,21.501,-104.88,18.906,-100.15,0
3592,3520,21.501,-104.88,19.089,-102.35,0
3592,3478,21.501,-104.88,17.64,-101.56,0
3592,3456,21.501,-104.88,31.342,-113.53,0
3592,3636,21.501,-104.88,22.124,-100.95,0
3592,3608,21.501,-104.88,19.178,-96.163,0
3592,3321,21.501,-104.88,16.344,-98.06,0
3592,3562,21.501,-104.88,20.534,-97.445,0
3592,3651,21.501,-104.88,19.343,-99.05,0
3592,3615,21.501,-104.88,19.294,-99.631,0
3592,3645,21.501,-104.88,21.122,-101.67,0
3592,3616,21.501,-104.88,24.023,-104.65,0
3592,3578,21.501,-104.88,17.081,-96.736,0
3592,3642,21.501,-104.88,25.649,-100.3,0
3592,3590,21.501,-104.88,23.741,-99.143,0
3592,3560,21.501,-104.88,18.65,-91.798,0
3592,3494,21.501,-104.88,16.197,-95.197,0
3592,3445,21.501,-104.88,17.805,-97.783,0
3592,3596,21.501,-104.88,17.993,-92.953,0
3592,3545,21.501,-104.88,19.242,-103.73,0
3592,3573,21.501,-104.88,18.134,-94.463,0
3592,3622,21.501,-104.88,19.704,-101.21,0
3592,3548,21.501,-104.88,19.993,-102.29,0
3592,3629,21.501,-104.88,16.835,-99.828,0
3592,3599,21.501,-104.88,27.452,-99.545,0
3592,3504,21.501,-104.88,19.436,-100.35,0
3592,3649,21.501,-104.88,20.674,-103.34,0
3592,3273,21.501,-104.88,15.875,-97.077,0
3592,3365,21.501,-104.88,20.49,-99.223,0
3592,3594,21.501,-104.88,20.529,-100.82,0
3592,3648,21.501,-104.88,19.04,-98.193,0
3592,3542,21.501,-104.88,22.763,-102.59,0
3592,3576,21.501,-104.88,18.461,-97.408,0
3592,3601,21.501,-104.88,23.247,-106.42,0
3650,3626,19.572,-99.039,20.612,-100.41,0
3650,3618,19.572,-99.039,16.746,-93.133,0
3650,3635,19.572,-99.039,21.883,-102.29,0
3650,3647,19.572,-99.039,31.654,-106.44,0
3650,3540,19.572,-99.039,21.989,-99.016,0
3650,3566,19.572,-99.039,14.911,-92.278,0
3650,3265,19.572,-99.039,18.906,-100.15,0
3650,3520,19.572,-99.039,19.089,-102.35,0
3650,3478,19.572,-99.039,17.64,-101.56,0
3650,3456,19.572,-99.039,31.342,-113.53,0
3650,3636,19.572,-99.039,22.124,-100.95,0
3650,3608,19.572,-99.039,19.178,-96.163,0
3650,3321,19.572,-99.039,16.344,-98.06,0
3650,3562,19.572,-99.039,20.534,-97.445,0
3650,3651,19.572,-99.039,19.343,-99.05,0
3650,3615,19.572,-99.039,19.294,-99.631,0
3650,3645,19.572,-99.039,21.122,-101.67,0
3650,3616,19.572,-99.039,24.023,-104.65,0
3650,3578,19.572,-99.039,17.081,-96.736,0
3650,3642,19.572,-99.039,25.649,-100.3,0
3650,3590,19.572,-99.039,23.741,-99.143,0
3650,3560,19.572,-99.039,18.65,-91.798,0
3650,3494,19.572,-99.039,16.197,-95.197,0
3650,3445,19.572,-99.039,17.805,-97.783,0
3650,3596,19.572,-99.039,17.993,-92.953,0
3650,3545,19.572,-99.039,19.242,-103.73,0
3650,3573,19.572,-99.039,18.134,-94.463,0
3650,3622,19.572,-99.039,19.704,-101.21,0
3650,3548,19.572,-99.039,19.993,-102.29,0
3650,3629,19.572,-99.039,16.835,-99.828,0
3650,3599,19.572,-99.039,27.452,-99.545,0
3650,3504,19.572,-99.039,19.436,-100.35,0
3650,3649,19.572,-99.039,20.674,-103.34,0
3650,3273,19.572,-99.039,15.875,-97.077,0
3650,3365,19.572,-99.039,20.49,-99.223,0
3650,3594,19.572,-99.039,20.529,-100.82,0
3650,3648,19.572,-99.039,19.04,-98.193,0
3650,3542,19.572,-99.039,22.763,-102.59,0
3650,3576,19.572,-99.039,18.461,-97.408,0
3650,3601,19.572,-99.039,23.247,-106.42,0
3626,3618,20.612,-100.41,16.746,-93.133,0
3626,3635,20.612,-100.41,21.883,-102.29,0
3626,3647,20.612,-100.41,31.654,-106.44,0
3626,3540,20.612,-100.41,21.989,-99.016,0
3626,3566,20.612,-100.41,14.911,-92.278,0
3626,3265,20.612,-100.41,18.906,-100.15,0
3626,3520,20.612,-100.41,19.089,-102.35,0
3626,3478,20.612,-100.41,17.64,-101.56,0
3626,3456,20.612,-100.41,31.342,-113.53,0
3626,3636,20.612,-100.41,22.124,-100.95,0
3626,3608,20.612,-100.41,19.178,-96.163,0
3626,3321,20.612,-100.41,16.344,-98.06,0
3626,3562,20.612,-100.41,20.534,-97.445,0
3626,3651,20.612,-100.41,19.343,-99.05,0
3626,3615,20.612,-100.41,19.294,-99.631,0
3626,3645,20.612,-100.41,21.122,-101.67,0
3626,3616,20.612,-100.41,24.023,-104.65,0
3626,3578,20.612,-100.41,17.081,-96.736,0
3626,3642,20.612,-100.41,25.649,-100.3,0
3626,3590,20.612,-100.41,23.741,-99.143,0
3626,3560,20.612,-100.41,18.65,-91.798,0
3626,3494,20.612,-100.41,16.197,-95.197,0
3626,3445,20.612,-100.41,17.805,-97.783,0
3626,3596,20.612,-100.41,17.993,-92.953,0
3626,3545,20.612,-100.41,19.242,-103.73,0
3626,3573,20.612,-100.41,18.134,-94.463,0
3626,3622,20.612,-100.41,19.704,-101.21,0
3626,3548,20.612,-100.41,19.993,-102.29,0
3626,3629,20.612,-100.41,16.835,-99.828,0
3626,3599,20.612,-100.41,27.452,-99.545,0
3626,3504,20.612,-100.41,19.436,-100.35,0
3626,3649,20.612,-100.41,20.674,-103.34,0
3626,3273,20.612,-100.41,15.875,-97.077,0
3626,3365,20.612,-100.41,20.49,-99.223,0
3626,3594,20.612,-100.41,20.529,-100.82,0
3626,3648,20.612,-100.41,19.04,-98.193,0
3626,3542,20.612,-100.41,22.763,-102.59,0
3626,3576,20.612,-100.41,18.461,-97.408,0
3626,3601,20.612,-100.41,23.247,-106.42,0
3618,3635,16.746,-93.133,21.883,-102.29,0
3618,3647,16.746,-93.133,31.654,-106.44,0
3618,3540,16.746,-93.133,21.989,-99.016,0
3618,3566,16.746,-93.133,14.911,-92.278,0
3618,3265,16.746,-93.133,18.906,-100.15,0
3618,3520,16.746,-93.133,19.089,-102.35,0
3618,3478,16.746,-93.133,17.64,-101.56,0
3618,3456,16.746,-93.133,31.342,-113.53,0
3618,3636,16.746,-93.133,22.124,-100.95,0
3618,3608,16.746,-93.133,19.178,-96.163,0
3618,3321,16.746,-93.133,16.344,-98.06,0
3618,3562,16.746,-93.133,20.534,-97.445,0
3618,3651,16.746,-93.133,19.343,-99.05,0
3618,3615,16.746,-93.133,19.294,-99.631,0
3618,3645,16.746,-93.133,21.122,-101.67,0
3618,3616,16.746,-93.133,24.023,-104.65,0
3618,3578,16.746,-93.133,17.081,-96.736,0
3618,3642,16.746,-93.133,25.649,-100.3,0
3618,3590,16.746,-93.133,23.741,-99.143,0
3618,3560,16.746,-93.133,18.65,-91.798,0
3618,3494,16.746,-93.133,16.197,-95.197,0
3618,3445,16.746,-93.133,17.805,-97.783,0
3618,3596,16.746,-93.133,17.993,-92.953,0
3618,3545,16.746,-93.133,19.242,-103.73,0
3618,3573,16.746,-93.133,18.134,-94.463,0
3618,3622,16.746,-93.133,19.704,-101.21,0
3618,3548,16.746,-93.133,19.993,-102.29,0
3618,3629,16.746,-93.133,16.835,-99.828,0
3618,3599,16.746,-93.133,27.452,-99.545,0
3618,3504,16.746,-93.133,19.436,-100.35,0
3618,3649,16.746,-93.133,20.674,-103.34,0
3618,3273,16.746,-93.133,15.875,-97.077,0
3618,3365,16.746,-93.133,20.49,-99.223,0
3618,3594,16.746,-93.133,20.529,-100.82,0
3618,3648,16.746,-93.133,19.04,-98.193,0
3618,3542,16.746,-93.133,22.763,-102.59,0
3618,3576,16.746,-93.133,18.461,-97.408,0
3618,3601,16.746,-93.133,23.247,-106.42,0
3635,3647,21.883,-102.29,31.654,-106.44,0
3635,3540,21.883,-102.29,21.989,-99.016,0
3635,3566,21.883,-102.29,14.911,-92.278,0
3635,3265,21.883,-102.29,18.906,-100.15,0
3635,3520,21.883,-102.29,19.089,-102.35,0
3635,3478,21.883,-102.29,17.64,-101.56,0
3635,3456,21.883,-102.29,31.342,-113.53,0
3635,3636,21.883,-102.29,22.124,-100.95,0
3635,3608,21.883,-102.29,19.178,-96.163,0
3635,3321,21.883,-102.29,16.344,-98.06,0
3635,3562,21.883,-102.29,20.534,-97.445,0
3635,3651,21.883,-102.29,19.343,-99.05,0
3635,3615,21.883,-102.29,19.294,-99.631,0
3635,3645,21.883,-102.29,21.122,-101.67,0
3635,3616,21.883,-102.29,24.023,-104.65,0
3635,3578,21.883,-102.29,17.081,-96.736,0
3635,3642,21.883,-102.29,25.649,-100.3,0
3635,3590,21.883,-102.29,23.741,-99.143,0
3635,3560,21.883,-102.29,18.65,-91.798,0
3635,3494,21.883,-102.29,16.197,-95.197,0
3635,3445,21.883,-102.29,17.805,-97.783,0
3635,3596,21.883,-102.29,17.993,-92.953,0
3635,3545,21.883,-102.29,19.242,-103.73,0
3635,3573,21.883,-102.29,18.134,-94.463,0
3635,3622,21.883,-102.29,19.704,-101.21,0
3635,3548,21.883,-102.29,19.993,-102.29,0
3635,3629,21.883,-102.29,16.835,-99.828,0
3635,3599,21.883,-102.29,27.452,-99.545,0
3635,3504,21.883,-102.29,19.436,-100.35,0
3635,3649,21.883,-102.29,20.674,-103.34,0
3635,3273,21.883,-102.29,15.875,-97.077,0
3635,3365,21.883,-102.29,20.49,-99.223,0
3635,3594,21.883,-102.29,20.529,-100.82,0
3635,3648,21.883,-102.29,19.04,-98.193,0
3635,3542,21.883,-102.29,22.763,-102.59,0
3635,3576,21.883,-102.29,18.461,-97.408,0
3635,3601,21.883,-102.29,23.247,-106.42,0
3647,3540,31.654,-106.44,21.989,-99.016,0
3647,3566,31.654,-106.44,14.911,-92.278,0
3647,3265,31.654,-106.44,18.906,-100.15,0
3647,3520,31.654,-106.44,19.089,-102.35,0
3647,3478,31.654,-106.44,17.64,-101.56,0
3647,3456,31.654,-106.44,31.342,-113.53,0
3647,3636,31.654,-106.44,22.124,-100.95,0
3647,3608,31.654,-106.44,19.178,-96.163,0
3647,3321,31.654,-106.44,16.344,-98.06,0
3647,3562,31.654,-106.44,20.534,-97.445,0
3647,3651,31.654,-106.44,19.343,-99.05,0
3647,3615,31.654,-106.44,19.294,-99.631,0
3647,3645,31.654,-106.44,21.122,-101.67,0
3647,3616,31.654,-106.44,24.023,-104.65,0
3647,3578,31.654,-106.44,17.081,-96.736,0
3647,3642,31.654,-106.44,25.649,-100.3,0
3647,3590,31.654,-106.44,23.741,-99.143,0
3647,3560,31.654,-106.44,18.65,-91.798,0
3647,3494,31.654,-106.44,16.197,-95.197,0
3647,3445,31.654,-106.44,17.805,-97.783,0
3647,3596,31.654,-106.44,17.993,-92.953,0
3647,3545,31.654,-106.44,19.242,-103.73,0
3647,3573,31.654,-106.44,18.134,-94.463,0
3647,3622,31.654,-106.44,19.704,-101.21,0
3647,3548,31.654,-106.44,19.993,-102.29,0
3647,3629,31.654,-106.44,16.835,-99.828,0
3647,3599,31.654,-106.44,27.452,-99.545,0
3647,3504,31.654,-106.44,19.436,-100.35,0
3647,3649,31.654,-106.44,20.674,-103.34,0
3647,3273,31.654,-106.44,15.875,-97.077,0
3647,3365,31.654,-106.44,20.49,-99.223,0
3647,3594,31.654,-106.44,20.529,-100.82,0
3647,3648,31.654,-106.44,19.04,-98.193,0
3647,3542,31.654,-106.44,22.763,-102.59,0
3647,3576,31.654,-106.44,18.461,-97.408,0
3647,3601,31.654,-106.44,23.247,-106.42,0
3540,3566,21.989,-99.016,14.911,-92.278,0
3540,3265,21.989,-99.016,18.906,-100.15,0
3540,3520,21.989,-99.016,19.089,-102.35,0
3540,3478,21.989,-99.016,17.64,-101.56,0
3540,3456,21.989,-99.016,31.342,-113.53,0
3540,3636,21.989,-99.016,22.124,-100.95,0
3540,3608,21.989,-99.016,19.178,-96.163,0
3540,3321,21.989,-99.016,16.344,-98.06,0
3540,3562,21.989,-99.016,20.534,-97.445,0
3540,3651,21.989,-99.016,19.343,-99.05,0
3540,3615,21.989,-99.016,19.294,-99.631,0
3540,3645,21.989,-99.016,21.122,-101.67,0
3540,3616,21.989,-99.016,24.023,-104.65,0
3540,3578,21.989,-99.016,17.081,-96.736,0
3540,3642,21.989,-99.016,25.649,-100.3,0
3540,3590,21.989,-99.016,23.741,-99.143,0
3540,3560,21.989,-99.016,18.65,-91.798,0
3540,3494,21.989,-99.016,16.197,-95.197,0
3540,3445,21.989,-99.016,17.805,-97.783,0
3540,3596,21.989,-99.016,17.993,-92.953,0
3540,3545,21.989,-99.016,19.242,-103.73,0
3540,3573,21.989,-99.016,18.134,-94.463,0
3540,3622,21.989,-99.016,19.704,-101.21,0
3540,3548,21.989,-99.016,19.993,-102.29,0
3540,3629,21.989,-99.016,16.835,-99.828,0
3540,3599,21.989,-99.016,27.452,-99.545,0
3540,3504,21.989,-99.016,19.436,-100.35,0
3540,3649,21.989,-99.016,20.674,-103.34,0
3540,3273,21.989,-99.016,15.875,-97.077,0
3540,3365,21.989,-99.016,20.49,-99.223,0
3540,3594,21.989,-99.016,20.529,-100.82,0
3540,3648,21.989,-99.016,19.04,-98.193,0
3540,3542,21.989,-99.016,22.763,-102.59,0
3540,3576,21.989,-99.016,18.461,-97.408,0
3540,3601,21.989,-99.016,23.247,-106.42,0
3566,3265,14.911,-92.278,18.906,-100.15,0
3566,3520,14.911,-92.278,19.089,-102.35,0
3566,3478,14.911,-92.278,17.64,-101.56,0
3566,3456,14.911,-92.278,31.342,-113.53,0
3566,3636,14.911,-92.278,22.124,-100.95,0
3566,3608,14.911,-92.278,19.178,-96.163,0
3566,3321,14.911,-92.278,16.344,-98.06,0
3566,3562,14.911,-92.278,20.534,-97.445,0
3566,3651,14.911,-92.278,19.343,-99.05,0
3566,3615,14.911,-92.278,19.294,-99.631,0
3566,3645,14.911,-92.278,21.122,-101.67,0
3566,3616,14.911,-92.278,24.023,-104.65,0
3566,3578,14.911,-92.278,17.081,-96.736,0
3566,3642,14.911,-92.278,25.649,-100.3,0
3566,3590,14.911,-92.278,23.741,-99.143,0
3566,3560,14.911,-92.278,18.65,-91.798,0
3566,3494,14.911,-92.278,16.197,-95.197,0
3566,3445,14.911,-92.278,17.805,-97.783,0
3566,3596,14.911,-92.278,17.993,-92.953,0
3566,3545,14.911,-92.278,19.242,-103.73,0
3566,3573,14.911,-92.278,18.134,-94.463,0
3566,3622,14.911,-92.278,19.704,-101.21,0
3566,3548,14.911,-92.278,19.993,-102.29,0
3566,3629,14.911,-92.278,16.835,-99.828,0
3566,3599,14.911,-92.278,27.452,-99.545,0
3566,3504,14.911,-92.278,19.436,-100.35,0
3566,3649,14.911,-92.278,20.674,-103.34,0
3566,3273,14.911,-92.278,15.875,-97.077,0
3566,3365,14.911,-92.278,20.49,-99.223,0
3566,3594,14.911,-92.278,20.529,-100.82,0
3566,3648,14.911,-92.278,19.04,-98.193,0
3566,3542,14.911,-92.278,22.763,-102.59,0
3566,3576,14.911,-92.278,18.461,-97.408,0
3566,3601,14.911,-92.278,23.247,-106.42,0
3265,3520,18.906,-100.15,19.089,-102.35,0
3265,3478,18.906,-100.15,17.64,-101.56,0
3265,3456,18.906,-100.15,31.342,-113.53,0
3265,3636,18.906,-100.15,22.124,-100.95,0
3265,3608,18.906,-100.15,19.178,-96.163,0
3265,3321,18.906,-100.15,16.344,-98.06,0
3265,3562,18.906,-100.15,20.534,-97.445,0
3265,3651,18.906,-100.15,19.343,-99.05,0
3265,3615,18.906,-100.15,19.294,-99.631,0
3265,3645,18.906,-100.15,21.122,-101.67,0
3265,3616,18.906,-100.15,24.023,-104.65,0
3265,3578,18.906,-100.15,17.081,-96.736,0
3265,3642,18.906,-100.15,25.649,-100.3,0
3265,3590,18.906,-100.15,23.741,-99.143,0
3265,3560,18.906,-100.15,18.65,-91.798,0
3265,3494,18.906,-100.15,16.197,-95.197,0
3265,3445,18.906,-100.15,17.805,-97.783,0
3265,3596,18.906,-100.15,17.993,-92.953,0
3265,3545,18.906,-100.15,19.242,-103.73,0
3265,3573,18.906,-100.15,18.134,-94.463,0
3265,3622,18.906,-100.15,19.704,-101.21,0
3265,3548,18.906,-100.15,19.993,-102.29,0
3265,3629,18.906,-100.15,16.835,-99.828,0
3265,3599,18.906,-100.15,27.452,-99.545,0
3265,3504,18.906,-100.15,19.436,-100.35,0
3265,3649,18.906,-100.15,20.674,-103.34,0
3265,3273,18.906,-100.15,15.875,-97.077,0
3265,3365,18.906,-100.15,20.49,-99.223,0
3265,3594,18.906,-100.15,20.529,-100.82,0
3265,3648,18.906,-100.15,19.04,-98.193,0
3265,3542,18.906,-100.15,22.763,-102.59,0
3265,3576,18.906,-100.15,18.461,-97.408,0
3265,3601,18.906,-100.15,23.247,-106.42,0
3520,3478,19.089,-102.35,17.64,-101.56,0
3520,3456,19.089,-102.35,31.342,-113.53,0
3520,3636,19.089,-102.35,22.124,-100.95,0
3520,3608,19.089,-102.35,19.178,-96.163,0
3520,3321,19.089,-102.35,16.344,-98.06,0
3520,3562,19.089,-102.35,20.534,-97.445,0
3520,3651,19.089,-102.35,19.343,-99.05,0
3520,3615,19.089,-102.35,19.294,-99.631,0
3520,3645,19.089,-102.35,21.122,-101.67,0
3520,3616,19.089,-102.35,24.023,-104.65,0
3520,3578,19.089,-102.35,17.081,-96.736,0
3520,3642,19.089,-102.35,25.649,-100.3,0
3520,3590,19.089,-102.35,23.741,-99.143,0
3520,3560,19.089,-102.35,18.65,-91.798,0
3520,3494,19.089,-102.35,16.197,-95.197,0
3520,3445,19.089,-102.35,17.805,-97.783,0
3520,3596,19.089,-102.35,17.993,-92.953,0
3520,3545,19.089,-102.35,19.242,-103.73,0
3520,3573,19.089,-102.35,18.134,-94.463,0
3520,3622,19.089,-102.35,19.704,-101.21,0
3520,3548,19.089,-102.35,19.993,-102.29,0
3520,3629,19.089,-102.35,16.835,-99.828,0
3520,3599,19.089,-102.35,27.452,-99.545,0
3520,3504,19.089,-102.35,19.436,-100.35,0
3520,3649,19.089,-102.35,20.674,-103.34,0
3520,3273,19.089,-102.35,15.875,-97.077,0
3520,3365,19.089,-102.35,20.49,-99.223,0
3520,3594,19.089,-102.35,20.529,-100.82,0
3520,3648,19.089,-102.35,19.04,-98.193,0
3520,3542,19.089,-102.35,22.763,-102.59,0
3520,3576,19.089,-102.35,18.461,-97.408,0
3520,3601,19.089,-102.35,23.247,-106.42,0
3478,3456,17.64,-101.56,31.342,-113.53,0
3478,3636,17.64,-101.56,22.124,-100.95,0
3478,3608,17.64,-101.56,19.178,-96.163,0
3478,3321,17.64,-101.56,16.344,-98.06,0
3478,3562,17.64,-101.56,20.534,-97.445,0
3478,3651,17.64,-101.56,19.343,-99.05,0
3478,3615,17.64,-101.56,19.294,-99.631,0
3478,3645,17.64,-101.56,21.122,-101.67,0
3478,3616,17.64,-101.56,24.023,-104.65,0
3478,3578,17.64,-101.56,17.081,-96.736,0
3478,3642,17.64,-101.56,25.649,-100.3,0
3478,3590,17.64,-101.56,23.741,-99.143,0
3478,3560,17.64,-101.56,18.65,-91.798,0
3478,3494,17.64,-101.56,16.197,-95.197,0
3478,3445,17.64,-101.56,17.805,-97.783,0
3478,3596,17.64,-101.56,17.993,-92.953,0
3478,3545,17.64,-101.56,19.242,-103.73,0
3478,3573,17.64,-101.56,18.134,-94.463,0
3478,3622,17.64,-101.56,19.704,-101.21,0
3478,3548,17.64,-101.56,19.993,-102.29,0
3478,3629,17.64,-101.56,16.835,-99.828,0
3478,3599,17.64,-101.56,27.452,-99.545,0
3478,3504,17.64,-101.56,19.436,-100.35,0
3478,3649,17.64,-101.56,20.674,-103.34,0
3478,3273,17.64,-101.56,15.875,-97.077,0
3478,3365,17.64,-101.56,20.49,-99.223,0
3478,3594,17.64,-101.56,20.529,-100.82,0
3478,3648,17.64,-101.56,19.04,-98.193,0
3478,3542,17.64,-101.56,22.763,-102.59,0
3478,3576,17.64,-101.56,18.461,-97.408,0
3478,3601,17.64,-101.56,23.247,-106.42,0
3456,3636,31.342,-113.53,22.124,-100.95,0
3456,3608,31.342,-113.53,19.178,-96.163,0
3456,3321,31.342,-113.53,16.344,-98.06,0
3456,3562,31.342,-113.53,20.534,-97.445,0
3456,3651,31.342,-113.53,19.343,-99.05,0
3456,3615,31.342,-113.53,19.294,-99.631,0
3456,3645,31.342,-113.53,21.122,-101.67,0
3456,3616,31.342,-113.53,24.023,-104.65,0
3456,3578,31.342,-113.53,17.081,-96.736,0
3456,3642,31.342,-113.53,25.649,-100.3,0
3456,3590,31.342,-113.53,23.741,-99.143,0
3456,3560,31.342,-113.53,18.65,-91.798,0
3456,3494,31.342,-113.53,16.197,-95.197,0
3456,3445,31.342,-113.53,17.805,-97.783,0
3456,3596,31.342,-113.53,17.993,-92.953,0
3456,3545,31.342,-113.53,19.242,-103.73,0
3456,3573,31.342,-113.53,18.134,-94.463,0
3456,3622,31.342,-113.53,19.704,-101.21,0
3456,3548,31.342,-113.53,19.993,-102.29,0
3456,3629,31.342,-113.53,16.835,-99.828,0
3456,3599,31.342,-113.53,27.452,-99.545,0
3456,3504,31.342,-113.53,19.436,-100.35,0
3456,3649,31.342,-113.53,20.674,-103.34,0
3456,3273,31.342,-113.53,15.875,-97.077,0
3456,3365,31.342,-113.53,20.49,-99.223,0
3456,3594,31.342,-113.53,20.529,-100.82,0
3456,3648,31.342,-113.53,19.04,-98.193,0
3456,3542,31.342,-113.53,22.763,-102.59,0
3456,3576,31.342,-113.53,18.461,-97.408,0
3456,3601,31.342,-113.53,23.247,-106.42,0
3636,3608,22.124,-100.95,19.178,-96.163,0
3636,3321,22.124,-100.95,16.344,-98.06,0
3636,3562,22.124,-100.95,20.534,-97.445,0
3636,3651,22.124,-100.95,19.343,-99.05,0
3636,3615,22.124,-100.95,19.294,-99.631,0
3636,3645,22.124,-100.95,21.122,-101.67,0
3636,3616,22.124,-100.95,24.023,-104.65,0
3636,3578,22.124,-100.95,17.081,-96.736,0
3636,3642,22.124,-100.95,25.649,-100.3,0
3636,3590,22.124,-100.95,23.741,-99.143,0
3636,3560,22.124,-100.95,18.65,-91.798,0
3636,3494,22.124,-100.95,16.197,-95.197,0
3636,3445,22.124,-100.95,17.805,-97.783,0
3636,3596,22.124,-100.95,17.993,-92.953,0
3636,3545,22.124,-100.95,19.242,-103.73,0
3636,3573,22.124,-100.95,18.134,-94.463,0
3636,3622,22.124,-100.95,19.704,-101.21,0
3636,3548,22.124,-100.95,19.993,-102.29,0
3636,3629,22.124,-100.95,16.835,-99.828,0
3636,3599,22.124,-100.95,27.452,-99.545,0
3636,3504,22.124,-100.95,19.436,-100.35,0
3636,3649,22.124,-100.95,20.674,-103.34,0
3636,3273,22.124,-100.95,15.875,-97.077,0
3636,3365,22.124,-100.95,20.49,-99.223,0
3636,3594,22.124,-100.95,20.529,-100.82,0
3636,3648,22.124,-100.95,19.04,-98.193,0
3636,3542,22.124,-100.95,22.763,-102.59,0
3636,3576,22.124,-100.95,18.461,-97.408,0
3636,3601,22.124,-100.95,23.247,-106.42,0
3608,3321,19.178,-96.163,16.344,-98.06,0
3608,3562,19.178,-96.163,20.534,-97.445,0
3608,3651,19.178,-96.163,19.343,-99.05,0
3608,3615,19.178,-96.163,19.294,-99.631,0
3608,3645,19.178,-96.163,21.122,-101.67,0
3608,3616,19.178,-96.163,24.023,-104.65,0
3608,3578,19.178,-96.163,17.081,-96.736,0
3608,3642,19.178,-96.163,25.649,-100.3,0
3608,3590,19.178,-96.163,23.741,-99.143,0
3608,3560,19.178,-96.163,18.65,-91.798,0
3608,3494,19.178,-96.163,16.197,-95.197,0
3608,3445,19.178,-96.163,17.805,-97.783,0
3608,3596,19.178,-96.163,17.993,-92.953,0
3608,3545,19.178,-96.163,19.242,-103.73,0
3608,3573,19.178,-96.163,18.134,-94.463,0
3608,3622,19.178,-96.163,19.704,-101.21,0
3608,3548,19.178,-96.163,19.993,-102.29,0
3608,3629,19.178,-96.163,16.835,-99.828,0
3608,3599,19.178,-96.163,27.452,-99.545,0
3608,3504,19.178,-96.163,19.436,-100.35,0
3608,3649,19.178,-96.163,20.674,-103.34,0
3608,3273,19.178,-96.163,15.875,-97.077,0
3608,3365,19.178,-96.163,20.49,-99.223,0
3608,3594,19.178,-96.163,20.529,-100.82,0
3608,3648,19.178,-96.163,19.04,-98.193,0
3608,3542,19.178,-96.163,22.763,-102.59,0
3608,3576,19.178,-96.163,18.461,-97.408,0
3608,3601,19.178,-96.163,23.247,-106.42,0
3321,3562,16.344,-98.06,20.534,-97.445,0
3321,3651,16.344,-98.06,19.343,-99.05,0
3321,3615,16.344,-98.06,19.294,-99.631,0
3321,3645,16.344,-98.06,21.122,-101.67,0
3321,3616,16.344,-98.06,24.023,-104.65,0
3321,3578,16.344,-98.06,17.081,-96.736,0
3321,3642,16.344,-98.06,25.649,-100.3,0
3321,3590,16.344,-98.06,23.741,-99.143,0
3321,3560,16.344,-98.06,18.65,-91.798,0
3321,3494,16.344,-98.06,16.197,-95.197,0
3321,3445,16.344,-98.06,17.805,-97.783,0
3321,3596,16.344,-98.06,17.993,-92.953,0
3321,3545,16.344,-98.06,19.242,-103.73,0
3321,3573,16.344,-98.06,18.134,-94.463,0
3321,3622,16.344,-98.06,19.704,-101.21,0
3321,3548,16.344,-98.06,19.993,-102.29,0
3321,3629,16.344,-98.06,16.835,-99.828,0
3321,3599,16.344,-98.06,27.452,-99.545,0
3321,3504,16.344,-98.06,19.436,-100.35,0
3321,3649,16.344,-98.06,20.674,-103.34,0
3321,3273,16.344,-98.06,15.875,-97.077,0
3321,3365,16.344,-98.06,20.49,-99.223,0
3321,3594,16.344,-98.06,20.529,-100.82,0
3321,3648,16.344,-98.06,19.04,-98.193,0
3321,3542,16.344,-98.06,22.763,-102.59,0
3321,3576,16.344,-98.06,18.461,-97.408,0
3321,3601,16.344,-98.06,23.247,-106.42,0
3562,3651,20.534,-97.445,19.343,-99.05,0
3562,3615,20.534,-97.445,19.294,-99.631,0
3562,3645,20.534,-97.445,21.122,-101.67,0
3562,3616,20.534,-97.445,24.023,-104.65,0
3562,3578,20.534,-97.445,17.081,-96.736,0
3562,3642,20.534,-97.445,25.649,-100.3,0
3562,3590,20.534,-97.445,23.741,-99.143,0
3562,3560,20.534,-97.445,18.65,-91.798,0
3562,3494,20.534,-97.445,16.197,-95.197,0
3562,3445,20.534,-97.445,17.805,-97.783,0
3562,3596,20.534,-97.445,17.993,-92.953,0
3562,3545,20.534,-97.445,19.242,-103.73,0
3562,3573,20.534,-97.445,18.134,-94.463,0
3562,3622,20.534,-97.445,19.704,-101.21,0
3562,3548,20.534,-97.445,19.993,-102.29,0
3562,3629,20.534,-97.445,16.835,-99.828,0
3562,3599,20.534,-97.445,27.452,-99.545,0
3562,3504,20.534,-97.445,19.436,-100.35,0
3562,3649,20.534,-97.445,20.674,-103.34,0
3562,3273,20.534,-97.445,15.875,-97.077,0
3562,3365,20.534,-97.445,20.49,-99.223,0
3562,3594,20.534,-97.445,20.529,-100.82,0
3562,3648,20.534,-97.445,19.04,-98.193,0
3562,3542,20.534,-97.445,22.763,-102.59,0
3562,3576,20.534,-97.445,18.461,-97.408,0
3562,3601,20.534,-97.445,23.247,-106.42,0
3651,3615,19.343,-99.05,19.294,-99.631,0
3651,3645,19.343,-99.05,21.122,-101.67,0
3651,3616,19.343,-99.05,24.023,-104.65,0
3651,3578,19.343,-99.05,17.081,-96.736,0
3651,3642,19.343,-99.05,25.649,-100.3,0
3651,3590,19.343,-99.05,23.741,-99.143,0
3651,3560,19.343,-99.05,18.65,-91.798,0
3651,3494,19.343,-99.05,16.197,-95.197,0
3651,3445,19.343,-99.05,17.805,-97.783,0
3651,3596,19.343,-99.05,17.993,-92.953,0
3651,3545,19.343,-99.05,19.242,-103.73,0
3651,3573,19.343,-99.05,18.134,-94.463,0
3651,3622,19.343,-99.05,19.704,-101.21,0
3651,3548,19.343,-99.05,19.993,-102.29,0
3651,3629,19.343,-99.05,16.835,-99.828,0
3651,3599,19.343,-99.05,27.452,-99.545,0
3651,3504,19.343,-99.05,19.436,-100.35,0
3651,3649,19.343,-99.05,20.674,-103.34,0
3651,3273,19.343,-99.05,15.875,-97.077,0
3651,3365,19.343,-99.05,20.49,-99.223,0
3651,3594,19.343,-99.05,20.529,-100.82,0
3651,3648,19.343,-99.05,19.04,-98.193,0
3651,3542,19.343,-99.05,22.763,-102.59,0
3651,3576,19.343,-99.05,18.461,-97.408,0
3651,3601,19.343,-99.05,23.247,-106.42,0
3615,3645,19.294,-99.631,21.122,-101.67,0
3615,3616,19.294,-99.631,24.023,-104.65,0
3615,3578,19.294,-99.631,17.081,-96.736,0
3615,3642,19.294,-99.631,25.649,-100.3,0
3615,3590,19.294,-99.631,23.741,-99.143,0
3615,3560,19.294,-99.631,18.65,-91.798,0
3615,3494,19.294,-99.631,16.197,-95.197,0
3615,3445,19.294,-99.631,17.805,-97.783,0
3615,3596,19.294,-99.631,17.993,-92.953,0
3615,3545,19.294,-99.631,19.242,-103.73,0
3615,3573,19.294,-99.631,18.134,-94.463,0
3615,3622,19.294,-99.631,19.704,-101.21,0
3615,3548,19.294,-99.631,19.993,-102.29,0
3615,3629,19.294,-99.631,16.835,-99.828,0
3615,3599,19.294,-99.631,27.452,-99.545,0
3615,3504,19.294,-99.631,19.436,-100.35,0
3615,3649,19.294,-99.631,20.674,-103.34,0
3615,3273,19.294,-99.631,15.875,-97.077,0
3615,3365,19.294,-99.631,20.49,-99.223,0
3615,3594,19.294,-99.631,20.529,-100.82,0
3615,3648,19.294,-99.631,19.04,-98.193,0
3615,3542,19.294,-99.631,22.763,-102.59,0
3615,3576,19.294,-99.631,18.461,-97.408,0
3615,3601,19.294,-99.631,23.247,-106.42,0
3645,3616,21.122,-101.67,24.023,-104.65,0
3645,3578,21.122,-101.67,17.081,-96.736,0
3645,3642,21.122,-101.67,25.649,-100.3,0
3645,3590,21.122,-101.67,23.741,-99.143,0
3645,3560,21.122,-101.67,18.65,-91.798,0
3645,3494,21.122,-101.67,16.197,-95.197,0
3645,3445,21.122,-101.67,17.805,-97.783,0
3645,3596,21.122,-101.67,17.993,-92.953,0
3645,3545,21.122,-101.67,19.242,-103.73,0
3645,3573,21.122,-101.67,18.134,-94.463,0
3645,3622,21.122,-101.67,19.704,-101.21,0
3645,3548,21.122,-101.67,19.993,-102.29,0
3645,3629,21.122,-101.67,16.835,-99.828,0
3645,3599,21.122,-101.67,27.452,-99.545,0
3645,3504,21.122,-101.67,19.436,-100.35,0
3645,3649,21.122,-101.67,20.674,-103.34,0
3645,3273,21.122,-101.67,15.875,-97.077,0
3645,3365,21.122,-101.67,20.49,-99.223,0
3645,3594,21.122,-101.67,20.529,-100.82,0
3645,3648,21.122,-101.67,19.04,-98.193,0
3645,3542,21.122,-101.67,22.763,-102.59,0
3645,3576,21.122,-101.67,18.461,-97.408,0
3645,3601,21.122,-101.67,23.247,-106.42,0
3616,3578,24.023,-104.65,17.081,-96.736,0
3616,3642,24.023,-104.65,25.649,-100.3,0
3616,3590,24.023,-104.65,23.741,-99.143,0
3616,3560,24.023,-104.65,18.65,-91.798,0
3616,3494,24.023,-104.65,16.197,-95.197,0
3616,3445,24.023,-104.65,17.805,-97.783,0
3616,3596,24.023,-104.65,17.993,-92.953,0
3616,3545,24.023,-104.65,19.242,-103.73,0
3616,3573,24.023,-104.65,18.134,-94.463,0
3616,3622,24.023,-104.65,19.704,-101.21,0
3616,3548,24.023,-104.65,19.993,-102.29,0
3616,3629,24.023,-104.65,16.835,-99.828,0
3616,3599,24.023,-104.65,27.452,-99.545,0
3616,3504,24.023,-104.65,19.436,-100.35,0
3616,3649,24.023,-104.65,20.674,-103.34,0
3616,3273,24.023,-104.65,15.875,-97.077,0
3616,3365,24.023,-104.65,20.49,-99.223,0
3616,3594,24.023,-104.65,20.529,-100.82,0
3616,3648,24.023,-104.65,19.04,-98.193,0
3616,3542,24.023,-104.65,22.763,-102.59,0
3616,3576,24.023,-104.65,18.461,-97.408,0
3616,3601,24.023,-104.65,23.247,-106.42,0
3578,3642,17.081,-96.736,25.649,-100.3,0
3578,3590,17.081,-96.736,23.741,-99.143,0
3578,3560,17.081,-96.736,18.65,-91.798,0
3578,3494,17.081,-96.736,16.197,-95.197,0
3578,3445,17.081,-96.736,17.805,-97.783,0
3578,3596,17.081,-96.736,17.993,-92.953,0
3578,3545,17.081,-96.736,19.242,-103.73,0
3578,3573,17.081,-96.736,18.134,-94.463,0
3578,3622,17.081,-96.736,19.704,-101.21,0
3578,3548,17.081,-96.736,19.993,-102.29,0
3578,3629,17.081,-96.736,16.835,-99.828,0
3578,3599,17.081,-96.736,27.452,-99.545,0
3578,3504,17.081,-96.736,19.436,-100.35,0
3578,3649,17.081,-96.736,20.674,-103.34,0
3578,3273,17.081,-96.736,15.875,-97.077,0
3578,3365,17.081,-96.736,20.49,-99.223,0
3578,3594,17.081,-96.736,20.529,-100.82,0
3578,3648,17.081,-96.736,19.04,-98.193,0
3578,3542,17.081,-96.736,22.763,-102.59,0
3578,3576,17.081,-96.736,18.461,-97.408,0
3578,3601,17.081,-96.736,23.247,-106.42,0
3642,3590,25.649,-100.3,23.741,-99.143,0
3642,3560,25.649,-100.3,18.65,-91.798,0
3642,3494,25.649,-100.3,16.197,-95.197,0
3642,3445,25.649,-100.3,17.805,-97.783,0
3642,3596,25.649,-100.3,17.993,-92.953,0
3642,3545,25.649,-100.3,19.242,-103.73,0
3642,3573,25.649,-100.3,18.134,-94.463,0
3642,3622,25.649,-100.3,19.704,-101.21,0
3642,3548,25.649,-100.3,19.993,-102.29,0
3642,3629,25.649,-100.3,16.835,-99.828,0
3642,3599,25.649,-100.3,27.452,-99.545,0
3642,3504,25.649,-100.3,19.436,-100.35,0
3642,3649,25.649,-100.3,20.674,-103.34,0
3642,3273,25.649,-100.3,15.875,-97.077,0
3642,3365,25.649,-100.3,20.49,-99.223,0
3642,3594,25.649,-100.3,20.529,-100.82,0
3642,3648,25.649,-100.3,19.04,-98.193,0
3642,3542,25.649,-100.3,22.763,-102.59,0
3642,3576,25.649,-100.3,18.461,-97.408,0
3642,3601,25.649,-100.3,23.247,-106.42,0
3590,3560,23.741,-99.143,18.65,-91.798,0
3590,3494,23.741,-99.143,16.197,-95.197,0
3590,3445,23.741,-99.143,17.805,-97.783,0
3590,3596,23.741,-99.143,17.993,-92.953,0
3590,3545,23.741,-99.143,19.242,-103.73,0
3590,3573,23.741,-99.143,18.134,-94.463,0
3590,3622,23.741,-99.143,19.704,-101.21,0
3590,3548,23.741,-99.143,19.993,-102.29,0
3590,3629,23.741,-99.143,16.835,-99.828,0
3590,3599,23.741,-99.143,27.452,-99.545,0
3590,3504,23.741,-99.143,19.436,-100.35,0
3590,3649,23.741,-99.143,20.674,-103.34,0
3590,3273,23.741,-99.143,15.875,-97.077,0
3590,3365,23.741,-99.143,20.49,-99.223,0
3590,3594,23.741,-99.143,20.529,-100.82,0
3590,3648,23.741,-99.143,19.04,-98.193,0
3590,3542,23.741,-99.143,22.763,-102.59,0
3590,3576,23.741,-99.143,18.461,-97.408,0
3590,3601,23.741,-99.143,23.247,-106.42,0
3560,3494,18.65,-91.798,16.197,-95.197,0
3560,3445,18.65,-91.798,17.805,-97.783,0
3560,3596,18.65,-91.798,17.993,-92.953,0
3560,3545,18.65,-91.798,19.242,-103.73,0
3560,3573,18.65,-91.798,18.134,-94.463,0
3560,3622,18.65,-91.798,19.704,-101.21,0
3560,3548,18.65,-91.798,19.993,-102.29,0
3560,3629,18.65,-91.798,16.835,-99.828,0
3560,3599,18.65,-91.798,27.452,-99.545,0
3560,3504,18.65,-91.798,19.436,-100.35,0
3560,3649,18.65,-91.798,20.674,-103.34,0
3560,3273,18.65,-91.798,15.875,-97.077,0
3560,3365,18.65,-91.798,20.49,-99.223,0
3560,3594,18.65,-91.798,20.529,-100.82,0
3560,3648,18.65,-91.798,19.04,-98.193,0
3560,3542,18.65,-91.798,22.763,-102.59,0
3560,3576,18.65,-91.798,18.461,-97.408,0
3560,3601,18.65,-91.798,23.247,-106.42,0
3494,3445,16.197,-95.197,17.805,-97.783,0
3494,3596,16.197,-95.197,17.993,-92.953,0
3494,3545,16.197,-95.197,19.242,-103.73,0
3494,3573,16.197,-95.197,18.134,-94.463,0
3494,3622,16.197,-95.197,19.704,-101.21,0
3494,3548,16.197,-95.197,19.993,-102.29,0
3494,3629,16.197,-95.197,16.835,-99.828,0
3494,3599,16.197,-95.197,27.452,-99.545,0
3494,3504,16.197,-95.197,19.436,-100.35,0
3494,3649,16.197,-95.197,20.674,-103.34,0
3494,3273,16.197,-95.197,15.875,-97.077,0
3494,3365,16.197,-95.197,20.49,-99.223,0
3494,3594,16.197,-95.197,20.529,-100.82,0
3494,3648,16.197,-95.197,19.04,-98.193,0
3494,3542,16.197,-95.197,22.763,-102.59,0
3494,3576,16.197,-95.197,18.461,-97.408,0
3494,3601,16.197,-95.197,23.247,-106.42,0
3445,3596,17.805,-97.783,17.993,-92.953,0
3445,3545,17.805,-97.783,19.242,-103.73,0
3445,3573,17.805,-97.783,18.134,-94.463,0
3445,3622,17.805,-97.783,19.704,-101.21,0
3445,3548,17.805,-97.783,19.993,-102.29,0
3445,3629,17.805,-97.783,16.835,-99.828,0
3445,3599,17.805,-97.783,27.452,-99.545,0
3445,3504,17.805,-97.783,19.436,-100.35,0
3445,3649,17.805,-97.783,20.674,-103.34,0
3445,3273,17.805,-97.783,15.875,-97.077,0
3445,3365,17.805,-97.783,20.49,-99.223,0
3445,3594,17.805,-97.783,20.529,-100.82,0
3445,3648,17.805,-97.783,19.04,-98.193,0
3445,3542,17.805,-97.783,22.763,-102.59,0
3445,3576,17.805,-97.783,18.461,-97.408,0
3445,3601,17.805,-97.783,23.247,-106.42,0
3596,3545,17.993,-92.953,19.242,-103.73,0
3596,3573,17.993,-92.953,18.134,-94.463,0
3596,3622,17.993,-92.953,19.704,-101.21,0
3596,3548,17.993,-92.953,19.993,-102.29,0
3596,3629,17.993,-92.953,16.835,-99.828,0
3596,3599,17.993,-92.953,27.452,-99.545,0
3596,3504,17.993,-92.953,19.436,-100.35,0
3596,3649,17.993,-92.953,20.674,-103.34,0
3596,3273,17.993,-92.953,15.875,-97.077,0
3596,3365,17.993,-92.953,20.49,-99.223,0
3596,3594,17.993,-92.953,20.529,-100.82,0
3596,3648,17.993,-92.953,19.04,-98.193,0
3596,3542,17.993,-92.953,22.763,-102.59,0
3596,3576,17.993,-92.953,18.461,-97.408,0
3596,3601,17.993,-92.953,23.247,-106.42,0
3545,3573,19.242,-103.73,18.134,-94.463,0
3545,3622,19.242,-103.73,19.704,-101.21,0
3545,3548,19.242,-103.73,19.993,-102.29,0
3545,3629,19.242,-103.73,16.835,-99.828,0
3545,3599,19.242,-103.73,27.452,-99.545,0
3545,3504,19.242,-103.73,19.436,-100.35,0
3545,3649,19.242,-103.73,20.674,-103.34,0
3545,3273,19.242,-103.73,15.875,-97.077,0
3545,3365,19.242,-103.73,20.49,-99.223,0
3545,3594,19.242,-103.73,20.529,-100.82,0
3545,3648,19.242,-103.73,19.04,-98.193,0
3545,3542,19.242,-103.73,22.763,-102.59,0
3545,3576,19.242,-103.73,18.461,-97.408,0
3545,3601,19.242,-103.73,23.247,-106.42,0
3573,3622,18.134,-94.463,19.704,-101.21,0
3573,3548,18.134,-94.463,19.993,-102.29,0
3573,3629,18.134,-94.463,16.835,-99.828,0
3573,3599,18.134,-94.463,27.452,-99.545,0
3573,3504,18.134,-94.463,19.436,-100.35,0
3573,3649,18.134,-94.463,20.674,-103.34,0
3573,3273,18.134,-94.463,15.875,-97.077,0
3573,3365,18.134,-94.463,20.49,-99.223,0
3573,3594,18.134,-94.463,20.529,-100.82,0
3573,3648,18.134,-94.463,19.04,-98.193,0
3573,3542,18.134,-94.463,22.763,-102.59,0
3573,3576,18.134,-94.463,18.461,-97.408,0
3573,3601,18.134,-94.463,23.247,-106.42,0
3622,3548,19.704,-101.21,19.993,-102.29,0
3622,3629,19.704,-101.21,16.835,-99.828,0
3622,3599,19.704,-101.21,27.452,-99.545,0
3622,3504,19.704,-101.21,19.436,-100.35,0
3622,3649,19.704,-101.21,20.674,-103.34,0
3622,3273,19.704,-101.21,15.875,-97.077,0
3622,3365,19.704,-101.21,20.49,-99.223,0
3622,3594,19.704,-101.21,20.529,-100.82,0
3622,3648,19.704,-101.21,19.04,-98.193,0
3622,3542,19.704,-101.21,22.763,-102.59,0
3622,3576,19.704,-101.21,18.461,-97.408,0
3622,3601,19.704,-101.21,23.247,-106.42,0
3548,3629,19.993,-102.29,16.835,-99.828,0
3548,3599,19.993,-102.29,27.452,-99.545,0
3548,3504,19.993,-102.29,19.436,-100.35,0
3548,3649,19.993,-102.29,20.674,-103.34,0
3548,3273,19.993,-102.29,15.875,-97.077,0
3548,3365,19.993,-102.29,20.49,-99.223,0
3548,3594,19.993,-102.29,20.529,-100.82,0
3548,3648,19.993,-102.29,19.04,-98.193,0
3548,3542,19.993,-102.29,22.763,-102.59,0
3548,3576,19.993,-102.29,18.461,-97.408,0
3548,3601,19.993,-102.29,23.247,-106.42,0
3629,3599,16.835,-99.828,27.452,-99.545,0
3629,3504,16.835,-99.828,19.436,-100.35,0
3629,3649,16.835,-99.828,20.674,-103.34,0
3629,3273,16.835,-99.828,15.875,-97.077,0
3629,3365,16.835,-99.828,20.49,-99.223,0
3629,3594,16.835,-99.828,20.529,-100.82,0
3629,3648,16.835,-99.828,19.04,-98.193,0
3629,3542,16.835,-99.828,22.763,-102.59,0
3629,3576,16.835,-99.828,18.461,-97.408,0
3629,3601,16.835,-99.828,23.247,-106.42,0
3599,3504,27.452,-99.545,19.436,-100.35,0
3599,3649,27.452,-99.545,20.674,-103.34,0
3599,3273,27.452,-99.545,15.875,-97.077,0
3599,3365,27.452,-99.545,20.49,-99.223,0
3599,3594,27.452,-99.545,20.529,-100.82,0
3599,3648,27.452,-99.545,19.04,-98.193,0
3599,3542,27.452,-99.545,22.763,-102.59,0
3599,3576,27.452,-99.545,18.461,-97.408,0
3599,3601,27.452,-99.545,23.247,-106.42,0
3504,3649,19.436,-100.35,20.674,-103.34,0
3504,3273,19.436,-100.35,15.875,-97.077,0
3504,3365,19.436,-100.35,20.49,-99.223,0
3504,3594,19.436,-100.35,20.529,-100.82,0
3504,3648,19.436,-100.35,19.04,-98.193,0
3504,3542,19.436,-100.35,22.763,-102.59,0
3504,3576,19.436,-100.35,18.461,-97.408,0
3504,3601,19.436,-100.35,23.247,-106.42,0
3649,3273,20.674,-103.34,15.875,-97.077,0
3649,3365,20.674,-103.34,20.49,-99.223,0
3649,3594,20.674,-103.34,20.529,-100.82,0
3649,3648,20.674,-103.34,19.04,-98.193,0
3649,3542,20.674,-103.34,22.763,-102.59,0
3649,3576,20.674,-103.34,18.461,-97.408,0
3649,3601,20.674,-103.34,23.247,-106.42,0
3273,3365,15.875,-97.077,20.49,-99.223,0
3273,3594,15.875,-97.077,20.529,-100.82,0
3273,3648,15.875,-97.077,19.04,-98.193,0
3273,3542,15.875,-97.077,22.763,-102.59,0
3273,3576,15.875,-97.077,18.461,-97.408,0
3273,3601,15.875,-97.077,23.247,-106.42,0
3365,3594,20.49,-99.223,20.529,-100.82,0
3365,3648,20.49,-99.223,19.04,-98.193,0
3365,3542,20.49,-99.223,22.763,-102.59,0
3365,3576,20.49,-99.223,18.461,-97.408,0
3365,3601,20.49,-99.223,23.247,-106.42,0
3594,3648,20.529,-100.82,19.04,-98.193,0
3594,3542,20.529,-100.82,22.763,-102.59,0
3594,3576,20.529,-100.82,18.461,-97.408,0
3594,3601,20.529,-100.82,23.247,-106.42,0
3648,3542,19.04,-98.193,22.763,-102.59,0
3648,3576,19.04,-98.193,18.461,-97.408,0
3648,3601,19.04,-98.193,23.247,-106.42,0
3542,3576,22.763,-102.59,18.461,-97.408,0
3542,3601,22.763,-102.59,23.247,-106.42,0
3576,3601,18.461,-97.408,23.247,-106.42,0
