0,3638,3634,20.976,-89.633,29.081,-110.99,3207.186
1,3638,3588,20.976,-89.633,27.482,-109.94,2953.791
2,3638,3631,20.976,-89.633,24.805,-107.42,2535.708
3,3638,3572,20.976,-89.633,19.834,-90.527,172.681
4,3638,3593,20.976,-89.633,18.932,-99.241,1360.302
5,3638,3646,20.976,-89.633,32.497,-116.97,4065.625
6,3638,3579,20.976,-89.633,20.085,-98.763,1328.517
7,3638,3623,20.976,-89.633,25.549,-103.4,2295.471
8,3638,3592,20.976,-89.633,21.501,-104.88,2047.548
9,3638,3650,20.976,-89.633,19.572,-99.039,1334.076
10,3638,3626,20.976,-89.633,20.612,-100.41,1518.065
11,3638,3618,20.976,-89.633,16.746,-93.133,801.27
12,3638,3635,20.976,-89.633,21.883,-102.29,1807.092
13,3638,3647,20.976,-89.633,31.654,-106.44,3082.185
14,3638,3540,20.976,-89.633,21.989,-99.016,1572.489
15,3638,3566,20.976,-89.633,14.911,-92.278,993.581
16,3638,3265,20.976,-89.633,18.906,-100.15,1475.949
17,3638,3520,20.976,-89.633,19.089,-102.35,1791.268
18,3638,3478,20.976,-89.633,17.64,-101.56,1791.715
19,3638,3456,20.976,-89.633,31.342,-113.53,3658.51
20,3638,3636,20.976,-89.633,22.124,-100.95,1706.468
21,3638,3608,20.976,-89.633,19.178,-96.163,1027.506
22,3638,3321,20.976,-89.633,16.344,-98.06,1403.098
23,3638,3562,20.976,-89.633,20.534,-97.445,1268.984
24,3638,3651,20.976,-89.633,19.343,-99.05,1301.195
25,3638,3615,20.976,-89.633,19.294,-99.631,1371.923
26,3638,3645,20.976,-89.633,21.122,-101.67,1683.519
27,3638,3616,20.976,-89.633,24.023,-104.65,2182.446
28,3638,3578,20.976,-89.633,17.081,-96.736,1159.69
29,3638,3642,20.976,-89.633,25.649,-100.3,2016.304
30,3638,3590,20.976,-89.633,23.741,-99.143,1737.788
31,3638,3560,20.976,-89.633,18.65,-91.798,381.368
32,3638,3494,20.976,-89.633,16.197,-95.197,1010.287
33,3638,3445,20.976,-89.633,17.805,-97.783,1229.556
34,3638,3596,20.976,-89.633,17.993,-92.953,557.6
35,3638,3545,20.976,-89.633,19.242,-103.73,1971.881
36,3638,3573,20.976,-89.633,18.134,-94.463,723.332
37,3638,3622,20.976,-89.633,19.704,-101.21,1605.49
38,3638,3548,20.976,-89.633,19.993,-102.29,1733.724
39,3638,3629,20.976,-89.633,16.835,-99.828,1657.231
40,3638,3599,20.976,-89.633,27.452,-99.545,2238.636
41,3638,3504,20.976,-89.633,19.436,-100.35,1466.258
42,3638,3649,20.976,-89.633,20.674,-103.34,1846.179
43,3638,3273,20.976,-89.633,15.875,-97.077,1263.607
44,3638,3365,20.976,-89.633,20.49,-99.223,1420.087
45,3638,3594,20.976,-89.633,20.529,-100.82,1563.166
46,3638,3648,20.976,-89.633,19.04,-98.193,1191.667
47,3638,3542,20.976,-89.633,22.763,-102.59,1899.213
48,3638,3576,20.976,-89.633,18.461,-97.408,1111.354
49,3638,3601,20.976,-89.633,23.247,-106.42,2324.786
50,3634,3588,29.081,-110.99,27.482,-109.94,256.772
51,3634,3631,29.081,-110.99,24.805,-107.42,688.201
52,3634,3572,29.081,-110.99,19.834,-90.527,3024.354
53,3634,3593,29.081,-110.99,18.932,-99.241,1919.227
54,3634,3646,29.081,-110.99,32.497,-116.97,866.407
55,3634,3579,29.081,-110.99,20.085,-98.763,1912.941
56,3634,3623,29.081,-110.99,25.549,-103.4,1167.339
57,3634,3592,29.081,-110.99,21.501,-104.88,1160.121
58,3634,3650,29.081,-110.99,19.572,-99.039,1889.557
59,3634,3626,29.081,-110.99,20.612,-100.41,1711.627
60,3634,3618,29.081,-110.99,16.746,-93.133,2718.517
61,3634,3635,29.081,-110.99,21.883,-102.29,1579.935
62,3634,3647,29.081,-110.99,31.654,-106.44,748.146
63,3634,3540,29.081,-110.99,21.989,-99.016,1867.294
64,3634,3566,29.081,-110.99,14.911,-92.278,2974.238
65,3634,3265,29.081,-110.99,18.906,-100.15,1932.56
66,3634,3520,29.081,-110.99,19.089,-102.35,1712.532
67,3634,3478,29.081,-110.99,17.64,-101.56,1879.481
68,3634,3456,29.081,-110.99,31.342,-113.53,459.292
69,3634,3636,29.081,-110.99,22.124,-100.95,1621.676
70,3634,3608,29.081,-110.99,19.178,-96.163,2292.89
71,3634,3321,29.081,-110.99,16.344,-98.06,2465.589
72,3634,3562,29.081,-110.99,20.534,-97.445,2110.454
73,3634,3651,29.081,-110.99,19.343,-99.05,1911.318
74,3634,3615,29.081,-110.99,19.294,-99.631,1829.165
75,3634,3645,29.081,-110.99,21.122,-101.67,1581.935
76,3634,3616,29.081,-110.99,24.023,-104.65,1137.695
77,3634,3578,29.081,-110.99,17.081,-96.736,2351.471
78,3634,3642,29.081,-110.99,25.649,-100.3,1502.815
79,3634,3590,29.081,-110.99,23.741,-99.143,1778.417
80,3634,3560,29.081,-110.99,18.65,-91.798,2819.699
81,3634,3494,29.081,-110.99,16.197,-95.197,2616.121
82,3634,3445,29.081,-110.99,17.805,-97.783,2196.709
83,3634,3596,29.081,-110.99,17.993,-92.953,2641.661
84,3634,3545,29.081,-110.99,19.242,-103.73,1546.501
85,3634,3573,29.081,-110.99,18.134,-94.463,2486.004
86,3634,3622,29.081,-110.99,19.704,-101.21,1647.594
87,3634,3548,29.081,-110.99,19.993,-102.29,1517.018
88,3634,3629,29.081,-110.99,16.835,-99.828,2224.699
89,3634,3599,29.081,-110.99,27.452,-99.545,1706.738
90,3634,3504,29.081,-110.99,19.436,-100.35,1773.252
91,3634,3649,29.081,-110.99,20.674,-103.34,1363.433
92,3634,3273,29.081,-110.99,15.875,-97.077,2606.241
93,3634,3365,29.081,-110.99,20.49,-99.223,1895.572
94,3634,3594,29.081,-110.99,20.529,-100.82,1663.314
95,3634,3648,29.081,-110.99,19.04,-98.193,2027.833
96,3634,3542,29.081,-110.99,22.763,-102.59,1426.078
97,3634,3576,29.081,-110.99,18.461,-97.408,2144.912
98,3634,3601,29.081,-110.99,23.247,-106.42,886.464
99,3588,3631,27.482,-109.94,24.805,-107.42,433.245
100,3588,3572,27.482,-109.94,19.834,-90.527,2769.398
101,3588,3593,27.482,-109.94,18.932,-99.241,1664.271
102,3588,3646,27.482,-109.94,32.497,-116.97,1113.874
103,3588,3579,27.482,-109.94,20.085,-98.763,1657.985
104,3588,3623,27.482,-109.94,25.549,-103.4,1130.092
105,3588,3592,27.482,-109.94,21.501,-104.88,905.165
106,3588,3650,27.482,-109.94,19.572,-99.039,1634.601
107,3588,3626,27.482,-109.94,20.612,-100.41,1456.671
108,3588,3618,27.482,-109.94,16.746,-93.133,2463.561
109,3588,3635,27.482,-109.94,21.883,-102.29,1324.979
110,3588,3647,27.482,-109.94,31.654,-106.44,995.613
111,3588,3540,27.482,-109.94,21.989,-99.016,1612.338
112,3588,3566,27.482,-109.94,14.911,-92.278,2719.282
113,3588,3265,27.482,-109.94,18.906,-100.15,1677.604
114,3588,3520,27.482,-109.94,19.089,-102.35,1457.576
115,3588,3478,27.482,-109.94,17.64,-101.56,1624.525
116,3588,3456,27.482,-109.94,31.342,-113.53,706.759
117,3588,3636,27.482,-109.94,22.124,-100.95,1366.72
118,3588,3608,27.482,-109.94,19.178,-96.163,2037.934
119,3588,3321,27.482,-109.94,16.344,-98.06,2210.633
120,3588,3562,27.482,-109.94,20.534,-97.445,1855.498
121,3588,3651,27.482,-109.94,19.343,-99.05,1656.362
122,3588,3615,27.482,-109.94,19.294,-99.631,1574.209
123,3588,3645,27.482,-109.94,21.122,-101.67,1326.979
124,3588,3616,27.482,-109.94,24.023,-104.65,882.739
125,3588,3578,27.482,-109.94,17.081,-96.736,2096.515
126,3588,3642,27.482,-109.94,25.649,-100.3,1465.568
127,3588,3590,27.482,-109.94,23.741,-99.143,1684.161
128,3588,3560,27.482,-109.94,18.65,-91.798,2564.743
129,3588,3494,27.482,-109.94,16.197,-95.197,2361.165
130,3588,3445,27.482,-109.94,17.805,-97.783,1941.753
131,3588,3596,27.482,-109.94,17.993,-92.953,2386.705
132,3588,3545,27.482,-109.94,19.242,-103.73,1291.545
133,3588,3573,27.482,-109.94,18.134,-94.463,2231.048
134,3588,3622,27.482,-109.94,19.704,-101.21,1392.638
135,3588,3548,27.482,-109.94,19.993,-102.29,1262.062
136,3588,3629,27.482,-109.94,16.835,-99.828,1969.743
137,3588,3599,27.482,-109.94,27.452,-99.545,1669.491
138,3588,3504,27.482,-109.94,19.436,-100.35,1518.296
139,3588,3649,27.482,-109.94,20.674,-103.34,1108.477
140,3588,3273,27.482,-109.94,15.875,-97.077,2351.285
141,3588,3365,27.482,-109.94,20.49,-99.223,1640.616
142,3588,3594,27.482,-109.94,20.529,-100.82,1408.358
143,3588,3648,27.482,-109.94,19.04,-98.193,1772.877
144,3588,3542,27.482,-109.94,22.763,-102.59,1171.122
145,3588,3576,27.482,-109.94,18.461,-97.408,1889.956
146,3588,3601,27.482,-109.94,23.247,-106.42,631.508
147,3631,3572,24.805,-107.42,19.834,-90.527,2351.694
148,3631,3593,24.805,-107.42,18.932,-99.241,1246.567
149,3631,3646,24.805,-107.42,32.497,-116.97,1553.458
150,3631,3579,24.805,-107.42,20.085,-98.763,1240.281
151,3631,3623,24.805,-107.42,25.549,-103.4,712.388
152,3631,3592,24.805,-107.42,21.501,-104.88,487.461
153,3631,3650,24.805,-107.42,19.572,-99.039,1216.897
154,3631,3626,24.805,-107.42,20.612,-100.41,1038.967
155,3631,3618,24.805,-107.42,16.746,-93.133,2045.857
156,3631,3635,24.805,-107.42,21.883,-102.29,907.275
157,3631,3647,24.805,-107.42,31.654,-106.44,1499.102
158,3631,3540,24.805,-107.42,21.989,-99.016,1194.634
159,3631,3566,24.805,-107.42,14.911,-92.278,2301.578
160,3631,3265,24.805,-107.42,18.906,-100.15,1259.9
161,3631,3520,24.805,-107.42,19.089,-102.35,1039.872
162,3631,3478,24.805,-107.42,17.64,-101.56,1206.821
163,3631,3456,24.805,-107.42,31.342,-113.53,1146.343
164,3631,3636,24.805,-107.42,22.124,-100.95,949.016
165,3631,3608,24.805,-107.42,19.178,-96.163,1620.23
166,3631,3321,24.805,-107.42,16.344,-98.06,1792.929
167,3631,3562,24.805,-107.42,20.534,-97.445,1437.794
168,3631,3651,24.805,-107.42,19.343,-99.05,1238.658
169,3631,3615,24.805,-107.42,19.294,-99.631,1156.505
170,3631,3645,24.805,-107.42,21.122,-101.67,909.275
171,3631,3616,24.805,-107.42,24.023,-104.65,465.035
172,3631,3578,24.805,-107.42,17.081,-96.736,1678.811
173,3631,3642,24.805,-107.42,25.649,-100.3,1047.864
174,3631,3590,24.805,-107.42,23.741,-99.143,1266.457
175,3631,3560,24.805,-107.42,18.65,-91.798,2147.039
176,3631,3494,24.805,-107.42,16.197,-95.197,1943.461
177,3631,3445,24.805,-107.42,17.805,-97.783,1524.049
178,3631,3596,24.805,-107.42,17.993,-92.953,1969.001
179,3631,3545,24.805,-107.42,19.242,-103.73,873.841
180,3631,3573,24.805,-107.42,18.134,-94.463,1813.344
181,3631,3622,24.805,-107.42,19.704,-101.21,974.934
182,3631,3548,24.805,-107.42,19.993,-102.29,844.358
183,3631,3629,24.805,-107.42,16.835,-99.828,1552.039
184,3631,3599,24.805,-107.42,27.452,-99.545,1251.787
185,3631,3504,24.805,-107.42,19.436,-100.35,1100.592
186,3631,3649,24.805,-107.42,20.674,-103.34,690.773
187,3631,3273,24.805,-107.42,15.875,-97.077,1933.581
188,3631,3365,24.805,-107.42,20.49,-99.223,1222.912
189,3631,3594,24.805,-107.42,20.529,-100.82,990.654
190,3631,3648,24.805,-107.42,19.04,-98.193,1355.173
191,3631,3542,24.805,-107.42,22.763,-102.59,753.418
192,3631,3576,24.805,-107.42,18.461,-97.408,1472.252
193,3631,3601,24.805,-107.42,23.247,-106.42,213.804
194,3572,3593,19.834,-90.527,18.932,-99.241,1187.324
195,3572,3646,19.834,-90.527,32.497,-116.97,3892.647
196,3572,3579,19.834,-90.527,20.085,-98.763,1155.539
197,3572,3623,19.834,-90.527,25.549,-103.4,2122.493
198,3572,3592,19.834,-90.527,21.501,-104.88,1874.57
199,3572,3650,19.834,-90.527,19.572,-99.039,1161.098
200,3572,3626,19.834,-90.527,20.612,-100.41,1345.087
201,3572,3618,19.834,-90.527,16.746,-93.133,628.292
202,3572,3635,19.834,-90.527,21.883,-102.29,1634.114
203,3572,3647,19.834,-90.527,31.654,-106.44,2909.207
204,3572,3540,19.834,-90.527,21.989,-99.016,1399.511
205,3572,3566,19.834,-90.527,14.911,-92.278,820.603
206,3572,3265,19.834,-90.527,18.906,-100.15,1302.971
207,3572,3520,19.834,-90.527,19.089,-102.35,1618.29
208,3572,3478,19.834,-90.527,17.64,-101.56,1618.737
209,3572,3456,19.834,-90.527,31.342,-113.53,3485.532
210,3572,3636,19.834,-90.527,22.124,-100.95,1533.49
211,3572,3608,19.834,-90.527,19.178,-96.163,854.528
212,3572,3321,19.834,-90.527,16.344,-98.06,1230.12
213,3572,3562,19.834,-90.527,20.534,-97.445,1096.006
214,3572,3651,19.834,-90.527,19.343,-99.05,1128.217
215,3572,3615,19.834,-90.527,19.294,-99.631,1198.945
216,3572,3645,19.834,-90.527,21.122,-101.67,1510.541
217,3572,3616,19.834,-90.527,24.023,-104.65,2009.468
218,3572,3578,19.834,-90.527,17.081,-96.736,986.712
219,3572,3642,19.834,-90.527,25.649,-100.3,1843.326
220,3572,3590,19.834,-90.527,23.741,-99.143,1564.81
221,3572,3560,19.834,-90.527,18.65,-91.798,208.39
222,3572,3494,19.834,-90.527,16.197,-95.197,837.309
223,3572,3445,19.834,-90.527,17.805,-97.783,1056.578
224,3572,3596,19.834,-90.527,17.993,-92.953,384.622
225,3572,3545,19.834,-90.527,19.242,-103.73,1798.903
226,3572,3573,19.834,-90.527,18.134,-94.463,550.354
227,3572,3622,19.834,-90.527,19.704,-101.21,1432.512
228,3572,3548,19.834,-90.527,19.993,-102.29,1560.746
229,3572,3629,19.834,-90.527,16.835,-99.828,1484.253
230,3572,3599,19.834,-90.527,27.452,-99.545,2065.658
231,3572,3504,19.834,-90.527,19.436,-100.35,1293.28
232,3572,3649,19.834,-90.527,20.674,-103.34,1673.201
233,3572,3273,19.834,-90.527,15.875,-97.077,1090.629
234,3572,3365,19.834,-90.527,20.49,-99.223,1247.109
235,3572,3594,19.834,-90.527,20.529,-100.82,1390.188
236,3572,3648,19.834,-90.527,19.04,-98.193,1018.689
237,3572,3542,19.834,-90.527,22.763,-102.59,1726.235
238,3572,3576,19.834,-90.527,18.461,-97.408,938.376
239,3572,3601,19.834,-90.527,23.247,-106.42,2151.808
240,3593,3646,18.932,-99.241,32.497,-116.97,2780.727
241,3593,3579,18.932,-99.241,20.085,-98.763,175.068
242,3593,3623,18.932,-99.241,25.549,-103.4,1079.948
243,3593,3592,18.932,-99.241,21.501,-104.88,762.65
244,3593,3650,18.932,-99.241,19.572,-99.039,107.773
245,3593,3626,18.932,-99.241,20.612,-100.41,302.541
246,3593,3618,18.932,-99.241,16.746,-93.133,905.971
247,3593,3635,18.932,-99.241,21.883,-102.29,591.568
248,3593,3647,18.932,-99.241,31.654,-106.44,1866.662
249,3593,3540,18.932,-99.241,21.989,-99.016,541.636
250,3593,3566,18.932,-99.241,14.911,-92.278,1161.692
251,3593,3265,18.932,-99.241,18.906,-100.15,183.325
252,3593,3520,18.932,-99.241,19.089,-102.35,506.37
253,3593,3478,18.932,-99.241,17.64,-101.56,490.47
254,3593,3456,18.932,-99.241,31.342,-113.53,2373.612
255,3593,3636,18.932,-99.241,22.124,-100.95,490.945
256,3593,3608,18.932,-99.241,19.178,-96.163,480.343
257,3593,3321,18.932,-99.241,16.344,-98.06,533.843
258,3593,3562,18.932,-99.241,20.534,-97.445,355.231
259,3593,3651,18.932,-99.241,19.343,-99.05,84.203
260,3593,3615,18.932,-99.241,19.294,-99.631,87.384
261,3593,3645,18.932,-99.241,21.122,-101.67,467.995
262,3593,3616,18.932,-99.241,24.023,-104.65,966.923
263,3593,3578,18.932,-99.241,17.081,-96.736,429.434
264,3593,3642,18.932,-99.241,25.649,-100.3,992.513
265,3593,3590,18.932,-99.241,23.741,-99.143,810.721
266,3593,3560,18.932,-99.241,18.65,-91.798,1007.153
267,3593,3494,18.932,-99.241,16.197,-95.197,694.084
268,3593,3445,18.932,-99.241,17.805,-97.783,262.931
269,3593,3596,18.932,-99.241,17.993,-92.953,829.115
270,3593,3545,18.932,-99.241,19.242,-103.73,686.983
271,3593,3573,18.932,-99.241,18.134,-94.463,673.458
272,3593,3622,18.932,-99.241,19.704,-101.21,320.592
273,3593,3548,18.932,-99.241,19.993,-102.29,448.826
274,3593,3629,18.932,-99.241,16.835,-99.828,292.953
275,3593,3599,18.932,-99.241,27.452,-99.545,1196.436
276,3593,3504,18.932,-99.241,19.436,-100.35,181.368
277,3593,3649,18.932,-99.241,20.674,-103.34,561.281
278,3593,3273,18.932,-99.241,15.875,-97.077,674.495
279,3593,3365,18.932,-99.241,20.49,-99.223,234.764
280,3593,3594,18.932,-99.241,20.529,-100.82,347.642
281,3593,3648,18.932,-99.241,19.04,-98.193,157.67
282,3593,3542,18.932,-99.241,22.763,-102.59,683.69
283,3593,3576,18.932,-99.241,18.461,-97.408,332.366
284,3593,3601,18.932,-99.241,23.247,-106.42,1039.888
285,3646,3579,32.497,-116.97,20.085,-98.763,2775.393
286,3646,3623,32.497,-116.97,25.549,-103.4,1891.214
287,3646,3592,32.497,-116.97,21.501,-104.88,2022.573
288,3646,3650,32.497,-116.97,19.572,-99.039,2752.009
289,3646,3626,32.497,-116.97,20.612,-100.41,2574.079
290,3646,3618,32.497,-116.97,16.746,-93.133,3580.969
291,3646,3635,32.497,-116.97,21.883,-102.29,2365.747
292,3646,3647,32.497,-116.97,31.654,-106.44,1202.348
293,3646,3540,32.497,-116.97,21.989,-99.016,2691.972
294,3646,3566,32.497,-116.97,14.911,-92.278,3836.69
295,3646,3265,32.497,-116.97,18.906,-100.15,2795.012
296,3646,3520,32.497,-116.97,19.089,-102.35,2574.984
297,3646,3478,32.497,-116.97,17.64,-101.56,2741.933
298,3646,3456,32.497,-116.97,31.342,-113.53,535.312
299,3646,3636,32.497,-116.97,22.124,-100.95,2446.354
300,3646,3608,32.497,-116.97,19.178,-96.163,3155.342
301,3646,3321,32.497,-116.97,16.344,-98.06,3328.041
302,3646,3562,32.497,-116.97,20.534,-97.445,2972.906
303,3646,3651,32.497,-116.97,19.343,-99.05,2773.77
304,3646,3615,32.497,-116.97,19.294,-99.631,2691.617
305,3646,3645,32.497,-116.97,21.122,-101.67,2444.387
306,3646,3616,32.497,-116.97,24.023,-104.65,2000.147
307,3646,3578,32.497,-116.97,17.081,-96.736,3213.923
308,3646,3642,32.497,-116.97,25.649,-100.3,2365.084
309,3646,3590,32.497,-116.97,23.741,-99.143,2642.005
310,3646,3560,32.497,-116.97,18.65,-91.798,3682.151
311,3646,3494,32.497,-116.97,16.197,-95.197,3478.573
312,3646,3445,32.497,-116.97,17.805,-97.783,3059.161
313,3646,3596,32.497,-116.97,17.993,-92.953,3504.113
314,3646,3545,32.497,-116.97,19.242,-103.73,2408.953
315,3646,3573,32.497,-116.97,18.134,-94.463,3348.456
316,3646,3622,32.497,-116.97,19.704,-101.21,2510.046
317,3646,3548,32.497,-116.97,19.993,-102.29,2379.47
318,3646,3629,32.497,-116.97,16.835,-99.828,3087.151
319,3646,3599,32.497,-116.97,27.452,-99.545,2146.777
320,3646,3504,32.497,-116.97,19.436,-100.35,2635.704
321,3646,3649,32.497,-116.97,20.674,-103.34,2225.885
322,3646,3273,32.497,-116.97,15.875,-97.077,3468.693
323,3646,3365,32.497,-116.97,20.49,-99.223,2758.024
324,3646,3594,32.497,-116.97,20.529,-100.82,2525.766
325,3646,3648,32.497,-116.97,19.04,-98.193,2890.285
326,3646,3542,32.497,-116.97,22.763,-102.59,2250.756
327,3646,3576,32.497,-116.97,18.461,-97.408,3007.364
328,3646,3601,32.497,-116.97,23.247,-106.42,1748.916
329,3579,3623,20.085,-98.763,25.549,-103.4,1004.428
330,3579,3592,20.085,-98.763,21.501,-104.88,756.505
331,3579,3650,20.085,-98.763,19.572,-99.039,69.46
332,3579,3626,20.085,-98.763,20.612,-100.41,227.022
333,3579,3618,20.085,-98.763,16.746,-93.133,838.804
334,3579,3635,20.085,-98.763,21.883,-102.29,516.049
335,3579,3647,20.085,-98.763,31.654,-106.44,1791.142
336,3579,3540,20.085,-98.763,21.989,-99.016,339.242
337,3579,3566,20.085,-98.763,14.911,-92.278,1094.525
338,3579,3265,20.085,-98.763,18.906,-100.15,252.039
339,3579,3520,20.085,-98.763,19.089,-102.35,500.225
340,3579,3478,20.085,-98.763,17.64,-101.56,567.805
341,3579,3456,20.085,-98.763,31.342,-113.53,2367.467
342,3579,3636,20.085,-98.763,22.124,-100.95,415.425
343,3579,3608,20.085,-98.763,19.178,-96.163,413.177
344,3579,3321,20.085,-98.763,16.344,-98.06,713.836
345,3579,3562,20.085,-98.763,20.534,-97.445,197.858
346,3579,3651,20.085,-98.763,19.343,-99.05,99.718
347,3579,3615,20.085,-98.763,19.294,-99.631,148.013
348,3579,3645,20.085,-98.763,21.122,-101.67,392.476
349,3579,3616,20.085,-98.763,24.023,-104.65,891.403
350,3579,3578,20.085,-98.763,17.081,-96.736,471.758
351,3579,3642,20.085,-98.763,25.649,-100.3,916.993
352,3579,3590,20.085,-98.763,23.741,-99.143,605.374
353,3579,3560,20.085,-98.763,18.65,-91.798,939.986
354,3579,3494,20.085,-98.763,16.197,-95.197,736.408
355,3579,3445,20.085,-98.763,17.805,-97.783,353.517
356,3579,3596,20.085,-98.763,17.993,-92.953,761.948
357,3579,3545,20.085,-98.763,19.242,-103.73,680.838
358,3579,3573,20.085,-98.763,18.134,-94.463,606.291
359,3579,3622,20.085,-98.763,19.704,-101.21,314.447
360,3579,3548,20.085,-98.763,19.993,-102.29,442.681
361,3579,3629,20.085,-98.763,16.835,-99.828,472.946
362,3579,3599,20.085,-98.763,27.452,-99.545,1120.916
363,3579,3504,20.085,-98.763,19.436,-100.35,242.348
364,3579,3649,20.085,-98.763,20.674,-103.34,555.136
365,3579,3273,20.085,-98.763,15.875,-97.077,854.488
366,3579,3365,20.085,-98.763,20.49,-99.223,77.203
367,3579,3594,20.085,-98.763,20.529,-100.82,272.123
368,3579,3648,20.085,-98.763,19.04,-98.193,148.12
369,3579,3542,20.085,-98.763,22.763,-102.59,608.17
370,3579,3576,20.085,-98.763,18.461,-97.408,265.199
371,3579,3601,20.085,-98.763,23.247,-106.42,1033.743
372,3623,3592,25.549,-103.4,21.501,-104.88,718.906
373,3623,3650,25.549,-103.4,19.572,-99.039,984.137
374,3623,3626,25.549,-103.4,20.612,-100.41,792.92
375,3623,3618,25.549,-103.4,16.746,-93.133,1813.625
376,3623,3635,25.549,-103.4,21.883,-102.29,518.876
377,3623,3647,25.549,-103.4,31.654,-106.44,830.398
378,3623,3540,25.549,-103.4,21.989,-99.016,845.101
379,3623,3566,25.549,-103.4,14.911,-92.278,2069.346
380,3623,3265,25.549,-103.4,18.906,-100.15,1085.167
381,3623,3520,25.549,-103.4,19.089,-102.35,1027.906
382,3623,3478,25.549,-103.4,17.64,-101.56,1191.438
383,3623,3456,25.549,-103.4,31.342,-113.53,1505.539
384,3623,3636,25.549,-103.4,22.124,-100.95,599.483
385,3623,3608,25.549,-103.4,19.178,-96.163,1387.998
386,3623,3321,25.549,-103.4,16.344,-98.06,1619.302
387,3623,3562,25.549,-103.4,20.534,-97.445,1205.562
388,3623,3651,25.549,-103.4,19.343,-99.05,1013.256
389,3623,3615,25.549,-103.4,19.294,-99.631,981.772
390,3623,3645,25.549,-103.4,21.122,-101.67,647.129
391,3623,3616,25.549,-103.4,24.023,-104.65,260.896
392,3623,3578,25.549,-103.4,17.081,-96.736,1446.579
393,3623,3642,25.549,-103.4,25.649,-100.3,339.702
394,3623,3590,25.549,-103.4,23.741,-99.143,615.304
395,3623,3560,25.549,-103.4,18.65,-91.798,1914.807
396,3623,3494,25.549,-103.4,16.197,-95.197,1711.229
397,3623,3445,25.549,-103.4,17.805,-97.783,1311.558
398,3623,3596,25.549,-103.4,17.993,-92.953,1736.769
399,3623,3545,25.549,-103.4,19.242,-103.73,883.368
400,3623,3573,25.549,-103.4,18.134,-94.463,1581.112
401,3623,3622,25.549,-103.4,19.704,-101.21,842.128
402,3623,3548,25.549,-103.4,19.993,-102.29,841.796
403,3623,3629,25.549,-103.4,16.835,-99.828,1378.412
404,3623,3599,25.549,-103.4,27.452,-99.545,543.625
405,3623,3504,25.549,-103.4,19.436,-100.35,968.363
406,3623,3649,25.549,-103.4,20.674,-103.34,689.548
407,3623,3273,25.549,-103.4,15.875,-97.077,1759.954
408,3623,3365,25.549,-103.4,20.49,-99.223,939.076
409,3623,3594,25.549,-103.4,20.529,-100.82,768.958
410,3623,3648,25.549,-103.4,19.04,-98.193,1122.941
411,3623,3542,25.549,-103.4,22.763,-102.59,403.885
412,3623,3576,25.549,-103.4,18.461,-97.408,1240.02
413,3623,3601,25.549,-103.4,23.247,-106.42,516.132
414,3592,3650,21.501,-104.88,19.572,-99.039,731.472
415,3592,3626,21.501,-104.88,20.612,-100.41,553.542
416,3592,3618,21.501,-104.88,16.746,-93.133,1560.432
417,3592,3635,21.501,-104.88,21.883,-102.29,421.85
418,3592,3647,21.501,-104.88,31.654,-106.44,1504.423
419,3592,3540,21.501,-104.88,21.989,-99.016,785.543
420,3592,3566,21.501,-104.88,14.911,-92.278,1816.153
421,3592,3265,21.501,-104.88,18.906,-100.15,774.475
422,3592,3520,21.501,-104.88,19.089,-102.35,554.447
423,3592,3478,21.501,-104.88,17.64,-101.56,721.396
424,3592,3456,21.501,-104.88,31.342,-113.53,1612.657
425,3592,3636,21.501,-104.88,22.124,-100.95,532.742
426,3592,3608,21.501,-104.88,19.178,-96.163,1134.805
427,3592,3321,21.501,-104.88,16.344,-98.06,1307.504
428,3592,3562,21.501,-104.88,20.534,-97.445,952.369
429,3592,3651,21.501,-104.88,19.343,-99.05,753.233
430,3592,3615,21.501,-104.88,19.294,-99.631,671.08
431,3592,3645,21.501,-104.88,21.122,-101.67,423.85
432,3592,3616,21.501,-104.88,24.023,-104.65,470.356
433,3592,3578,21.501,-104.88,17.081,-96.736,1193.386
434,3592,3642,21.501,-104.88,25.649,-100.3,965.24
435,3592,3590,21.501,-104.88,23.741,-99.143,863.42
436,3592,3560,21.501,-104.88,18.65,-91.798,1661.614
437,3592,3494,21.501,-104.88,16.197,-95.197,1458.036
438,3592,3445,21.501,-104.88,17.805,-97.783,1038.624
439,3592,3596,21.501,-104.88,17.993,-92.953,1483.576
440,3592,3545,21.501,-104.88,19.242,-103.73,388.416
441,3592,3573,21.501,-104.88,18.134,-94.463,1327.919
442,3592,3622,21.501,-104.88,19.704,-101.21,489.509
443,3592,3548,21.501,-104.88,19.993,-102.29,358.933
444,3592,3629,21.501,-104.88,16.835,-99.828,1066.614
445,3592,3599,21.501,-104.88,27.452,-99.545,1169.163
446,3592,3504,21.501,-104.88,19.436,-100.35,615.167
447,3592,3649,21.501,-104.88,20.674,-103.34,205.348
448,3592,3273,21.501,-104.88,15.875,-97.077,1448.156
449,3592,3365,21.501,-104.88,20.49,-99.223,737.487
450,3592,3594,21.501,-104.88,20.529,-100.82,505.229
451,3592,3648,21.501,-104.88,19.04,-98.193,869.748
452,3592,3542,21.501,-104.88,22.763,-102.59,512.438
453,3592,3576,21.501,-104.88,18.461,-97.408,986.827
454,3592,3601,21.501,-104.88,23.247,-106.42,278.933
455,3650,3626,19.572,-99.039,20.612,-100.41,201.435
456,3650,3618,19.572,-99.039,16.746,-93.133,847.085
457,3650,3635,19.572,-99.039,21.883,-102.29,490.462
458,3650,3647,19.572,-99.039,31.654,-106.44,1765.556
459,3650,3540,19.572,-99.039,21.989,-99.016,440.53
460,3650,3566,19.572,-99.039,14.911,-92.278,1102.806
461,3650,3265,19.572,-99.039,18.906,-100.15,188.584
462,3650,3520,19.572,-99.039,19.089,-102.35,475.184
463,3650,3478,19.572,-99.039,17.64,-101.56,504.35
464,3650,3456,19.572,-99.039,31.342,-113.53,2342.426
465,3650,3636,19.572,-99.039,22.124,-100.95,389.839
466,3650,3608,19.572,-99.039,19.178,-96.163,421.457
467,3650,3321,19.572,-99.039,16.344,-98.06,647.1
468,3650,3562,19.572,-99.039,20.534,-97.445,249.041
469,3650,3651,19.572,-99.039,19.343,-99.05,36.325
470,3650,3615,19.572,-99.039,19.294,-99.631,84.558
471,3650,3645,19.572,-99.039,21.122,-101.67,366.889
472,3650,3616,19.572,-99.039,24.023,-104.65,865.817
473,3650,3578,19.572,-99.039,17.081,-96.736,480.039
474,3650,3642,19.572,-99.039,25.649,-100.3,891.407
475,3650,3590,19.572,-99.039,23.741,-99.143,709.615
476,3650,3560,19.572,-99.039,18.65,-91.798,948.267
477,3650,3494,19.572,-99.039,16.197,-95.197,744.689
478,3650,3445,19.572,-99.039,17.805,-97.783,334.627
479,3650,3596,19.572,-99.039,17.993,-92.953,770.229
480,3650,3545,19.572,-99.039,19.242,-103.73,655.797
481,3650,3573,19.572,-99.039,18.134,-94.463,614.572
482,3650,3622,19.572,-99.039,19.704,-101.21,289.406
483,3650,3548,19.572,-99.039,19.993,-102.29,417.64
484,3650,3629,19.572,-99.039,16.835,-99.828,406.21
485,3650,3599,19.572,-99.039,27.452,-99.545,1095.33
486,3650,3504,19.572,-99.039,19.436,-100.35,178.893
487,3650,3649,19.572,-99.039,20.674,-103.34,530.095
488,3650,3273,19.572,-99.039,15.875,-97.077,787.752
489,3650,3365,19.572,-99.039,20.49,-99.223,133.658
490,3650,3594,19.572,-99.039,20.529,-100.82,246.536
491,3650,3648,19.572,-99.039,19.04,-98.193,156.401
492,3650,3542,19.572,-99.039,22.763,-102.59,582.584
493,3650,3576,19.572,-99.039,18.461,-97.408,273.48
494,3650,3601,19.572,-99.039,23.247,-106.42,1008.702
495,3626,3618,20.612,-100.41,16.746,-93.133,1033.016
496,3626,3635,20.612,-100.41,21.883,-102.29,297.994
497,3626,3647,20.612,-100.41,31.654,-106.44,1574.732
498,3626,3540,20.612,-100.41,21.989,-99.016,379.212
499,3626,3566,20.612,-100.41,14.911,-92.278,1288.737
500,3626,3265,20.612,-100.41,18.906,-100.15,304.559
501,3626,3520,20.612,-100.41,19.089,-102.35,388.956
502,3626,3478,20.612,-100.41,17.64,-101.56,552.488
503,3626,3456,20.612,-100.41,31.342,-113.53,2162.624
504,3626,3636,20.612,-100.41,22.124,-100.95,199.015
505,3626,3608,20.612,-100.41,19.178,-96.163,607.389
506,3626,3321,20.612,-100.41,16.344,-98.06,838.693
507,3626,3562,20.612,-100.41,20.534,-97.445,424.953
508,3626,3651,20.612,-100.41,19.343,-99.05,232.647
509,3626,3615,20.612,-100.41,19.294,-99.631,201.164
510,3626,3645,20.612,-100.41,21.122,-101.67,174.421
511,3626,3616,20.612,-100.41,24.023,-104.65,674.993
512,3626,3578,20.612,-100.41,17.081,-96.736,665.97
513,3626,3642,20.612,-100.41,25.649,-100.3,700.582
514,3626,3590,20.612,-100.41,23.741,-99.143,518.79
515,3626,3560,20.612,-100.41,18.65,-91.798,1134.198
516,3626,3494,20.612,-100.41,16.197,-95.197,930.62
517,3626,3445,20.612,-100.41,17.805,-97.783,530.949
518,3626,3596,20.612,-100.41,17.993,-92.953,956.16
519,3626,3545,20.612,-100.41,19.242,-103.73,472.167
520,3626,3573,20.612,-100.41,18.134,-94.463,800.503
521,3626,3622,20.612,-100.41,19.704,-101.21,203.178
522,3626,3548,20.612,-100.41,19.993,-102.29,248.447
523,3626,3629,20.612,-100.41,16.835,-99.828,597.803
524,3626,3599,20.612,-100.41,27.452,-99.545,904.505
525,3626,3504,20.612,-100.41,19.436,-100.35,176.715
526,3626,3649,20.612,-100.41,20.674,-103.34,350.293
527,3626,3273,20.612,-100.41,15.875,-97.077,979.345
528,3626,3365,20.612,-100.41,20.49,-99.223,158.468
529,3626,3594,20.612,-100.41,20.529,-100.82,54.069
530,3626,3648,20.612,-100.41,19.04,-98.193,342.332
531,3626,3542,20.612,-100.41,22.763,-102.59,391.76
532,3626,3576,20.612,-100.41,18.461,-97.408,459.411
533,3626,3601,20.612,-100.41,23.247,-106.42,828.9
534,3618,3635,16.746,-93.133,21.883,-102.29,1328.504
535,3618,3647,16.746,-93.133,31.654,-106.44,2603.597
536,3618,3540,16.746,-93.133,21.989,-99.016,1093.901
537,3618,3566,16.746,-93.133,14.911,-92.278,366.759
538,3618,3265,16.746,-93.133,18.906,-100.15,997.361
539,3618,3520,16.746,-93.133,19.089,-102.35,1312.68
540,3618,3478,16.746,-93.133,17.64,-101.56,1313.127
541,3618,3456,16.746,-93.133,31.342,-113.53,3179.922
542,3618,3636,16.746,-93.133,22.124,-100.95,1227.88
543,3618,3608,16.746,-93.133,19.178,-96.163,548.918
544,3618,3321,16.746,-93.133,16.344,-98.06,697.161
545,3618,3562,16.746,-93.133,20.534,-97.445,790.396
546,3618,3651,16.746,-93.133,19.343,-99.05,822.607
547,3618,3615,16.746,-93.133,19.294,-99.631,893.335
548,3618,3645,16.746,-93.133,21.122,-101.67,1204.931
549,3618,3616,16.746,-93.133,24.023,-104.65,1703.858
550,3618,3578,16.746,-93.133,17.081,-96.736,539.968
551,3618,3642,16.746,-93.133,25.649,-100.3,1537.716
552,3618,3590,16.746,-93.133,23.741,-99.143,1259.2
553,3618,3560,16.746,-93.133,18.65,-91.798,422.384
554,3618,3494,16.746,-93.133,16.197,-95.197,304.35
555,3618,3445,16.746,-93.133,17.805,-97.783,707.992
556,3618,3596,16.746,-93.133,17.993,-92.953,244.346
557,3618,3545,16.746,-93.133,19.242,-103.73,1493.293
558,3618,3573,16.746,-93.133,18.134,-94.463,244.743
559,3618,3622,16.746,-93.133,19.704,-101.21,1126.902
560,3618,3548,16.746,-93.133,19.993,-102.29,1255.136
561,3618,3629,16.746,-93.133,16.835,-99.828,948.443
562,3618,3599,16.746,-93.133,27.452,-99.545,1760.048
563,3618,3504,16.746,-93.133,19.436,-100.35,987.67
564,3618,3649,16.746,-93.133,20.674,-103.34,1367.591
565,3618,3273,16.746,-93.133,15.875,-97.077,557.67
566,3618,3365,16.746,-93.133,20.49,-99.223,941.499
567,3618,3594,16.746,-93.133,20.529,-100.82,1084.578
568,3618,3648,16.746,-93.133,19.04,-98.193,713.079
569,3618,3542,16.746,-93.133,22.763,-102.59,1420.625
570,3618,3576,16.746,-93.133,18.461,-97.408,632.766
571,3618,3601,16.746,-93.133,23.247,-106.42,1846.198
572,3635,3647,21.883,-102.29,31.654,-106.44,1301.948
573,3635,3540,21.883,-102.29,21.989,-99.016,420.434
574,3635,3566,21.883,-102.29,14.911,-92.278,1574.349
575,3635,3265,21.883,-102.29,18.906,-100.15,590.171
576,3635,3520,21.883,-102.29,19.089,-102.35,508.558
577,3635,3478,21.883,-102.29,17.64,-101.56,672.09
578,3635,3456,21.883,-102.29,31.342,-113.53,1977.089
579,3635,3636,21.883,-102.29,22.124,-100.95,167.633
580,3635,3608,21.883,-102.29,19.178,-96.163,893.001
581,3635,3321,21.883,-102.29,16.344,-98.06,1124.305
582,3635,3562,21.883,-102.29,20.534,-97.445,710.565
583,3635,3651,21.883,-102.29,19.343,-99.05,518.259
584,3635,3615,21.883,-102.29,19.294,-99.631,486.776
585,3635,3645,21.883,-102.29,21.122,-101.67,127.781
586,3635,3616,21.883,-102.29,24.023,-104.65,402.209
587,3635,3578,21.883,-102.29,17.081,-96.736,951.582
588,3635,3642,21.883,-102.29,25.649,-100.3,575.16
589,3635,3590,21.883,-102.29,23.741,-99.143,498.311
590,3635,3560,21.883,-102.29,18.65,-91.798,1419.81
591,3635,3494,21.883,-102.29,16.197,-95.197,1216.232
592,3635,3445,21.883,-102.29,17.805,-97.783,816.561
593,3635,3596,21.883,-102.29,17.993,-92.953,1241.772
594,3635,3545,21.883,-102.29,19.242,-103.73,413.394
595,3635,3573,21.883,-102.29,18.134,-94.463,1086.115
596,3635,3622,21.883,-102.29,19.704,-101.21,322.78
597,3635,3548,21.883,-102.29,19.993,-102.29,322.448
598,3635,3629,21.883,-102.29,16.835,-99.828,883.415
599,3635,3599,21.883,-102.29,27.452,-99.545,779.083
600,3635,3504,21.883,-102.29,19.436,-100.35,449.015
601,3635,3649,21.883,-102.29,20.674,-103.34,214.789
602,3635,3273,21.883,-102.29,15.875,-97.077,1264.957
603,3635,3365,21.883,-102.29,20.49,-99.223,444.08
604,3635,3594,21.883,-102.29,20.529,-100.82,249.61
605,3635,3648,21.883,-102.29,19.04,-98.193,627.944
606,3635,3542,21.883,-102.29,22.763,-102.59,119.311
607,3635,3576,21.883,-102.29,18.461,-97.408,745.023
608,3635,3601,21.883,-102.29,23.247,-106.42,693.396
609,3647,3540,31.654,-106.44,21.989,-99.016,1632.421
610,3647,3566,31.654,-106.44,14.911,-92.278,2856.666
611,3647,3265,31.654,-106.44,18.906,-100.15,1872.487
612,3647,3520,31.654,-106.44,19.089,-102.35,1815.226
613,3647,3478,31.654,-106.44,17.64,-101.56,1978.758
614,3647,3456,31.654,-106.44,31.342,-113.53,855.183
615,3647,3636,31.654,-106.44,22.124,-100.95,1386.803
616,3647,3608,31.654,-106.44,19.178,-96.163,2175.318
617,3647,3321,31.654,-106.44,16.344,-98.06,2406.622
618,3647,3562,31.654,-106.44,20.534,-97.445,1992.882
619,3647,3651,31.654,-106.44,19.343,-99.05,1800.576
620,3647,3615,31.654,-106.44,19.294,-99.631,1769.092
621,3647,3645,31.654,-106.44,21.122,-101.67,1434.449
622,3647,3616,31.654,-106.44,24.023,-104.65,1048.216
623,3647,3578,31.654,-106.44,17.081,-96.736,2233.899
624,3647,3642,31.654,-106.44,25.649,-100.3,1167.139
625,3647,3590,31.654,-106.44,23.741,-99.143,1442.741
626,3647,3560,31.654,-106.44,18.65,-91.798,2702.127
627,3647,3494,31.654,-106.44,16.197,-95.197,2498.549
628,3647,3445,31.654,-106.44,17.805,-97.783,2098.878
629,3647,3596,31.654,-106.44,17.993,-92.953,2524.089
630,3647,3545,31.654,-106.44,19.242,-103.73,1670.688
631,3647,3573,31.654,-106.44,18.134,-94.463,2368.432
632,3647,3622,31.654,-106.44,19.704,-101.21,1629.448
633,3647,3548,31.654,-106.44,19.993,-102.29,1629.116
634,3647,3629,31.654,-106.44,16.835,-99.828,2165.732
635,3647,3599,31.654,-106.44,27.452,-99.545,955.789
636,3647,3504,31.654,-106.44,19.436,-100.35,1755.683
637,3647,3649,31.654,-106.44,20.674,-103.34,1476.868
638,3647,3273,31.654,-106.44,15.875,-97.077,2547.274
639,3647,3365,31.654,-106.44,20.49,-99.223,1726.396
640,3647,3594,31.654,-106.44,20.529,-100.82,1556.278
641,3647,3648,31.654,-106.44,19.04,-98.193,1910.261
642,3647,3542,31.654,-106.44,22.763,-102.59,1191.205
643,3647,3576,31.654,-106.44,18.461,-97.408,2027.34
644,3647,3601,31.654,-106.44,23.247,-106.42,1303.452
645,3540,3566,21.989,-99.016,14.911,-92.278,1337.887
646,3540,3265,21.989,-99.016,18.906,-100.15,595.976
647,3540,3520,21.989,-99.016,19.089,-102.35,722.173
648,3540,3478,21.989,-99.016,17.64,-101.56,911.742
649,3540,3456,21.989,-99.016,31.342,-113.53,2302.352
650,3540,3636,21.989,-99.016,22.124,-100.95,255.118
651,3540,3608,21.989,-99.016,19.178,-96.163,546.116
652,3540,3321,21.989,-99.016,16.344,-98.06,1079.443
653,3540,3562,21.989,-99.016,20.534,-97.445,291.749
654,3540,3651,21.989,-99.016,19.343,-99.05,446.004
655,3540,3615,21.989,-99.016,19.294,-99.631,492.581
656,3540,3645,21.989,-99.016,21.122,-101.67,436.124
657,3540,3616,21.989,-99.016,24.023,-104.65,727.472
658,3540,3578,21.989,-99.016,17.081,-96.736,814.934
659,3540,3642,21.989,-99.016,25.649,-100.3,510.657
660,3540,3590,21.989,-99.016,23.741,-99.143,232.141
661,3540,3560,21.989,-99.016,18.65,-91.798,1183.347
662,3540,3494,21.989,-99.016,16.197,-95.197,1017.739
663,3540,3445,21.989,-99.016,17.805,-97.783,696.693
664,3540,3596,21.989,-99.016,17.993,-92.953,1005.309
665,3540,3545,21.989,-99.016,19.242,-103.73,781.75
666,3540,3573,21.989,-99.016,18.134,-94.463,849.652
667,3540,3622,21.989,-99.016,19.704,-101.21,536.395
668,3540,3548,21.989,-99.016,19.993,-102.29,616.378
669,3540,3629,21.989,-99.016,16.835,-99.828,838.553
670,3540,3599,21.989,-99.016,27.452,-99.545,732.989
671,3540,3504,21.989,-99.016,19.436,-100.35,554.833
672,3540,3649,21.989,-99.016,20.674,-103.34,583.145
673,3540,3273,21.989,-99.016,15.875,-97.077,1220.095
674,3540,3365,21.989,-99.016,20.49,-99.223,310.509
675,3540,3594,21.989,-99.016,20.529,-100.82,421.999
676,3540,3648,21.989,-99.016,19.04,-98.193,491.296
677,3540,3542,21.989,-99.016,22.763,-102.59,444.239
678,3540,3576,21.989,-99.016,18.461,-97.408,608.375
679,3540,3601,21.989,-99.016,23.247,-106.42,995.311
680,3566,3265,14.911,-92.278,18.906,-100.15,1250.493
681,3566,3520,14.911,-92.278,19.089,-102.35,1565.812
682,3566,3478,14.911,-92.278,17.64,-101.56,1329.062
683,3566,3456,14.911,-92.278,31.342,-113.53,3433.054
684,3566,3636,14.911,-92.278,22.124,-100.95,1481.012
685,3566,3608,14.911,-92.278,19.178,-96.163,802.05
686,3566,3321,14.911,-92.278,16.344,-98.06,830.036
687,3566,3562,14.911,-92.278,20.534,-97.445,1043.528
688,3566,3651,14.911,-92.278,19.343,-99.05,1075.739
689,3566,3615,14.911,-92.278,19.294,-99.631,1146.467
690,3566,3645,14.911,-92.278,21.122,-101.67,1458.063
691,3566,3616,14.911,-92.278,24.023,-104.65,1956.99
692,3566,3578,14.911,-92.278,17.081,-96.736,672.843
693,3566,3642,14.911,-92.278,25.649,-100.3,1790.848
694,3566,3590,14.911,-92.278,23.741,-99.143,1512.332
695,3566,3560,14.911,-92.278,18.65,-91.798,743.923
696,3566,3494,14.911,-92.278,16.197,-95.197,437.225
697,3566,3445,14.911,-92.278,17.805,-97.783,840.867
698,3566,3596,14.911,-92.278,17.993,-92.953,565.885
699,3566,3545,14.911,-92.278,19.242,-103.73,1746.425
700,3566,3573,14.911,-92.278,18.134,-94.463,566.282
701,3566,3622,14.911,-92.278,19.704,-101.21,1380.034
702,3566,3548,14.911,-92.278,19.993,-102.29,1508.268
703,3566,3629,14.911,-92.278,16.835,-99.828,1081.318
704,3566,3599,14.911,-92.278,27.452,-99.545,2013.18
705,3566,3504,14.911,-92.278,19.436,-100.35,1240.802
706,3566,3649,14.911,-92.278,20.674,-103.34,1620.723
707,3566,3273,14.911,-92.278,15.875,-97.077,690.545
708,3566,3365,14.911,-92.278,20.49,-99.223,1194.631
709,3566,3594,14.911,-92.278,20.529,-100.82,1337.71
710,3566,3648,14.911,-92.278,19.04,-98.193,966.211
711,3566,3542,14.911,-92.278,22.763,-102.59,1673.757
712,3566,3576,14.911,-92.278,18.461,-97.408,885.898
713,3566,3601,14.911,-92.278,23.247,-106.42,2099.33
714,3265,3520,18.906,-100.15,19.089,-102.35,474.026
715,3265,3478,18.906,-100.15,17.64,-101.56,316.146
716,3265,3456,18.906,-100.15,31.342,-113.53,2386.75
717,3265,3636,18.906,-100.15,22.124,-100.95,491.259
718,3265,3608,18.906,-100.15,19.178,-96.163,562.019
719,3265,3321,18.906,-100.15,16.344,-98.06,662.132
720,3265,3562,18.906,-100.15,20.534,-97.445,431.868
721,3265,3651,18.906,-100.15,19.343,-99.05,181.565
722,3265,3615,18.906,-100.15,19.294,-99.631,106.35
723,3265,3645,18.906,-100.15,21.122,-101.67,468.31
724,3265,3616,18.906,-100.15,24.023,-104.65,967.237
725,3265,3578,18.906,-100.15,17.081,-96.736,620.601
726,3265,3642,18.906,-100.15,25.649,-100.3,992.827
727,3265,3590,18.906,-100.15,23.741,-99.143,811.035
728,3265,3560,18.906,-100.15,18.65,-91.798,1088.829
729,3265,3494,18.906,-100.15,16.197,-95.197,885.251
730,3265,3445,18.906,-100.15,17.805,-97.783,466.956
731,3265,3596,18.906,-100.15,17.993,-92.953,910.791
732,3265,3545,18.906,-100.15,19.242,-103.73,700.121
733,3265,3573,18.906,-100.15,18.134,-94.463,755.134
734,3265,3622,18.906,-100.15,19.704,-101.21,288.248
735,3265,3548,18.906,-100.15,19.993,-102.29,461.964
736,3265,3629,18.906,-100.15,16.835,-99.828,421.242
737,3265,3599,18.906,-100.15,27.452,-99.545,1196.75
738,3265,3504,18.906,-100.15,19.436,-100.35,135.331
739,3265,3649,18.906,-100.15,20.674,-103.34,574.419
740,3265,3273,18.906,-100.15,15.875,-97.077,802.784
741,3265,3365,18.906,-100.15,20.49,-99.223,306.52
742,3265,3594,18.906,-100.15,20.529,-100.82,347.957
743,3265,3648,18.906,-100.15,19.04,-98.193,296.963
744,3265,3542,18.906,-100.15,22.763,-102.59,684.004
745,3265,3576,18.906,-100.15,18.461,-97.408,414.042
746,3265,3601,18.906,-100.15,23.247,-106.42,1053.026
747,3520,3478,19.089,-102.35,17.64,-101.56,229.55
748,3520,3456,19.089,-102.35,31.342,-113.53,2170.305
749,3520,3636,19.089,-102.35,22.124,-100.95,577.548
750,3520,3608,19.089,-102.35,19.178,-96.163,877.338
751,3520,3321,19.089,-102.35,16.344,-98.06,725.135
752,3520,3562,19.089,-102.35,20.534,-97.445,694.902
753,3520,3651,19.089,-102.35,19.343,-99.05,495.766
754,3520,3615,19.089,-102.35,19.294,-99.631,413.613
755,3520,3645,19.089,-102.35,21.122,-101.67,387.539
756,3520,3616,19.089,-102.35,24.023,-104.65,914.317
757,3520,3578,19.089,-102.35,17.081,-96.736,935.919
758,3520,3642,19.089,-102.35,25.649,-100.3,1079.115
759,3520,3590,19.089,-102.35,23.741,-99.143,897.323
760,3520,3560,19.089,-102.35,18.65,-91.798,1404.147
761,3520,3494,19.089,-102.35,16.197,-95.197,1200.569
762,3520,3445,19.089,-102.35,17.805,-97.783,781.157
763,3520,3596,19.089,-102.35,17.993,-92.953,1226.109
764,3520,3545,19.089,-102.35,19.242,-103.73,238.743
765,3520,3573,19.089,-102.35,18.134,-94.463,1070.452
766,3520,3622,19.089,-102.35,19.704,-101.21,186.941
767,3520,3548,19.089,-102.35,19.993,-102.29,199.804
768,3520,3629,19.089,-102.35,16.835,-99.828,483.469
769,3520,3599,19.089,-102.35,27.452,-99.545,1283.038
770,3520,3504,19.089,-102.35,19.436,-100.35,339.898
771,3520,3649,19.089,-102.35,20.674,-103.34,357.974
772,3520,3273,19.089,-102.35,15.875,-97.077,865.787
773,3520,3365,19.089,-102.35,20.49,-99.223,480.02
774,3520,3594,19.089,-102.35,20.529,-100.82,332.45
775,3520,3648,19.089,-102.35,19.04,-98.193,612.281
776,3520,3542,19.089,-102.35,22.763,-102.59,631.419
777,3520,3576,19.089,-102.35,18.461,-97.408,729.36
778,3520,3601,19.089,-102.35,23.247,-106.42,836.581
779,3478,3456,17.64,-101.56,31.342,-113.53,2341.197
780,3478,3636,17.64,-101.56,22.124,-100.95,739.82
781,3478,3608,17.64,-101.56,19.178,-96.163,878.333
782,3478,3321,17.64,-101.56,16.344,-98.06,499.51
783,3478,3562,17.64,-101.56,20.534,-97.445,748.182
784,3478,3651,17.64,-101.56,19.343,-99.05,497.879
785,3478,3615,17.64,-101.56,19.294,-99.631,422.664
786,3478,3645,17.64,-101.56,21.122,-101.67,549.811
787,3478,3616,17.64,-101.56,24.023,-104.65,1076.589
788,3478,3578,17.64,-101.56,17.081,-96.736,921.931
789,3478,3642,17.64,-101.56,25.649,-100.3,1241.387
790,3478,3590,17.64,-101.56,23.741,-99.143,1059.595
791,3478,3560,17.64,-101.56,18.65,-91.798,1405.143
792,3478,3494,17.64,-101.56,16.197,-95.197,893.423
793,3478,3445,17.64,-101.56,17.805,-97.783,755.428
794,3478,3596,17.64,-101.56,17.993,-92.953,1227.105
795,3478,3545,17.64,-101.56,19.242,-103.73,467.2
796,3478,3573,17.64,-101.56,18.134,-94.463,1071.448
797,3478,3622,17.64,-101.56,19.704,-101.21,349.213
798,3478,3548,17.64,-101.56,19.993,-102.29,370.696
799,3478,3629,17.64,-101.56,16.835,-99.828,257.844
800,3478,3599,17.64,-101.56,27.452,-99.545,1445.31
801,3478,3504,17.64,-101.56,19.436,-100.35,451.645
802,3478,3649,17.64,-101.56,20.674,-103.34,528.866
803,3478,3273,17.64,-101.56,15.875,-97.077,640.162
804,3478,3365,17.64,-101.56,20.49,-99.223,622.834
805,3478,3594,17.64,-101.56,20.529,-100.82,494.722
806,3478,3648,17.64,-101.56,19.04,-98.193,613.277
807,3478,3542,17.64,-101.56,22.763,-102.59,793.691
808,3478,3576,17.64,-101.56,18.461,-97.408,730.356
809,3478,3601,17.64,-101.56,23.247,-106.42,1007.473
810,3456,3636,31.342,-113.53,22.124,-100.95,2119.785
811,3456,3608,31.342,-113.53,19.178,-96.163,2802.21
812,3456,3321,31.342,-113.53,16.344,-98.06,2974.909
813,3456,3562,31.342,-113.53,20.534,-97.445,2619.774
814,3456,3651,31.342,-113.53,19.343,-99.05,2420.638
815,3456,3615,31.342,-113.53,19.294,-99.631,2338.485
816,3456,3645,31.342,-113.53,21.122,-101.67,2091.255
817,3456,3616,31.342,-113.53,24.023,-104.65,1647.015
818,3456,3578,31.342,-113.53,17.081,-96.736,2860.791
819,3456,3642,31.342,-113.53,25.649,-100.3,2018.742
820,3456,3590,31.342,-113.53,23.741,-99.143,2295.663
821,3456,3560,31.342,-113.53,18.65,-91.798,3329.019
822,3456,3494,31.342,-113.53,16.197,-95.197,3125.441
823,3456,3445,31.342,-113.53,17.805,-97.783,2706.029
824,3456,3596,31.342,-113.53,17.993,-92.953,3150.981
825,3456,3545,31.342,-113.53,19.242,-103.73,2055.821
826,3456,3573,31.342,-113.53,18.134,-94.463,2995.324
827,3456,3622,31.342,-113.53,19.704,-101.21,2156.914
828,3456,3548,31.342,-113.53,19.993,-102.29,2026.338
829,3456,3629,31.342,-113.53,16.835,-99.828,2734.019
830,3456,3599,31.342,-113.53,27.452,-99.545,1800.435
831,3456,3504,31.342,-113.53,19.436,-100.35,2282.572
832,3456,3649,31.342,-113.53,20.674,-103.34,1872.753
833,3456,3273,31.342,-113.53,15.875,-97.077,3115.561
834,3456,3365,31.342,-113.53,20.49,-99.223,2404.892
835,3456,3594,31.342,-113.53,20.529,-100.82,2172.634
836,3456,3648,31.342,-113.53,19.04,-98.193,2537.153
837,3456,3542,31.342,-113.53,22.763,-102.59,1924.187
838,3456,3576,31.342,-113.53,18.461,-97.408,2654.232
839,3456,3601,31.342,-113.53,23.247,-106.42,1395.784
840,3636,3608,22.124,-100.95,19.178,-96.163,794.213
841,3636,3321,22.124,-100.95,16.344,-98.06,1025.517
842,3636,3562,22.124,-100.95,20.534,-97.445,611.777
843,3636,3651,22.124,-100.95,19.343,-99.05,419.471
844,3636,3615,22.124,-100.95,19.294,-99.631,387.987
845,3636,3645,22.124,-100.95,21.122,-101.67,184.322
846,3636,3616,22.124,-100.95,24.023,-104.65,479.782
847,3636,3578,22.124,-100.95,17.081,-96.736,852.794
848,3636,3642,22.124,-100.95,25.649,-100.3,515.71
849,3636,3590,22.124,-100.95,23.741,-99.143,333.918
850,3636,3560,22.124,-100.95,18.65,-91.798,1321.022
851,3636,3494,22.124,-100.95,16.197,-95.197,1117.444
852,3636,3445,22.124,-100.95,17.805,-97.783,717.773
853,3636,3596,22.124,-100.95,17.993,-92.953,1142.984
854,3636,3545,22.124,-100.95,19.242,-103.73,529.948
855,3636,3573,22.124,-100.95,18.134,-94.463,987.327
856,3636,3622,22.124,-100.95,19.704,-101.21,400.146
857,3636,3548,22.124,-100.95,19.993,-102.29,445.415
858,3636,3629,22.124,-100.95,16.835,-99.828,784.627
859,3636,3599,22.124,-100.95,27.452,-99.545,719.633
860,3636,3504,22.124,-100.95,19.436,-100.35,450.239
861,3636,3649,22.124,-100.95,20.674,-103.34,331.343
862,3636,3273,22.124,-100.95,15.875,-97.077,1166.169
863,3636,3365,22.124,-100.95,20.49,-99.223,345.291
864,3636,3594,22.124,-100.95,20.529,-100.82,251.037
865,3636,3648,22.124,-100.95,19.04,-98.193,529.156
866,3636,3542,22.124,-100.95,22.763,-102.59,196.549
867,3636,3576,22.124,-100.95,18.461,-97.408,646.235
868,3636,3601,22.124,-100.95,23.247,-106.42,747.621
869,3608,3321,19.178,-96.163,16.344,-98.06,627.124
870,3608,3562,19.178,-96.163,20.534,-97.445,246.262
871,3608,3651,19.178,-96.163,19.343,-99.05,394.766
872,3608,3615,19.178,-96.163,19.294,-99.631,465.495
873,3608,3645,19.178,-96.163,21.122,-101.67,777.09
874,3608,3616,19.178,-96.163,24.023,-104.65,1276.017
875,3608,3578,19.178,-96.163,17.081,-96.736,375.125
876,3608,3642,19.178,-96.163,25.649,-100.3,993.582
877,3608,3590,19.178,-96.163,23.741,-99.143,715.066
878,3608,3560,19.178,-96.163,18.65,-91.798,647.924
879,3608,3494,19.178,-96.163,16.197,-95.197,482.316
880,3608,3445,19.178,-96.163,17.805,-97.783,323.127
881,3608,3596,19.178,-96.163,17.993,-92.953,469.886
882,3608,3545,19.178,-96.163,19.242,-103.73,1065.452
883,3608,3573,19.178,-96.163,18.134,-94.463,314.229
884,3608,3622,19.178,-96.163,19.704,-101.21,699.061
885,3608,3548,19.178,-96.163,19.993,-102.29,827.295
886,3608,3629,19.178,-96.163,16.835,-99.828,750.802
887,3608,3599,19.178,-96.163,27.452,-99.545,1215.914
888,3608,3504,19.178,-96.163,19.436,-100.35,559.83
889,3608,3649,19.178,-96.163,20.674,-103.34,939.75
890,3608,3273,19.178,-96.163,15.875,-97.077,735.636
891,3608,3365,19.178,-96.163,20.49,-99.223,513.658
892,3608,3594,19.178,-96.163,20.529,-100.82,656.737
893,3608,3648,19.178,-96.163,19.04,-98.193,285.238
894,3608,3542,19.178,-96.163,22.763,-102.59,992.784
895,3608,3576,19.178,-96.163,18.461,-97.408,204.925
896,3608,3601,19.178,-96.163,23.247,-106.42,1418.357
897,3321,3562,16.344,-98.06,20.534,-97.445,889.026
898,3321,3651,16.344,-98.06,19.343,-99.05,617.998
899,3321,3615,16.344,-98.06,19.294,-99.631,636.178
900,3321,3645,16.344,-98.06,21.122,-101.67,1001.79
901,3321,3616,16.344,-98.06,24.023,-104.65,1500.718
902,3321,3578,16.344,-98.06,17.081,-96.736,355.257
903,3321,3642,16.344,-98.06,25.649,-100.3,1526.308
904,3321,3590,16.344,-98.06,23.741,-99.143,1344.516
905,3321,3560,16.344,-98.06,18.65,-91.798,1026.017
906,3321,3494,16.344,-98.06,16.197,-95.197,395.186
907,3321,3445,16.344,-98.06,17.805,-97.783,283.283
908,3321,3596,16.344,-98.06,17.993,-92.953,847.979
909,3321,3545,16.344,-98.06,19.242,-103.73,962.307
910,3321,3573,16.344,-98.06,18.134,-94.463,692.322
911,3321,3622,16.344,-98.06,19.704,-101.21,864.938
912,3321,3548,16.344,-98.06,19.993,-102.29,993.172
913,3321,3629,16.344,-98.06,16.835,-99.828,251.812
914,3321,3599,16.344,-98.06,27.452,-99.545,1730.231
915,3321,3504,16.344,-98.06,19.436,-100.35,723.54
916,3321,3649,16.344,-98.06,20.674,-103.34,1105.627
917,3321,3273,16.344,-98.06,15.875,-97.077,141.926
918,3321,3365,16.344,-98.06,20.49,-99.223,768.559
919,3321,3594,16.344,-98.06,20.529,-100.82,881.437
920,3321,3648,16.344,-98.06,19.04,-98.193,509.13
921,3321,3542,16.344,-98.06,22.763,-102.59,1217.485
922,3321,3576,16.344,-98.06,18.461,-97.408,382.911
923,3321,3601,16.344,-98.06,23.247,-106.42,1584.234
924,3562,3651,20.534,-97.445,19.343,-99.05,280.796
925,3562,3615,20.534,-97.445,19.294,-99.631,327.627
926,3562,3645,20.534,-97.445,21.122,-101.67,587.207
927,3562,3616,20.534,-97.445,24.023,-104.65,1086.134
928,3562,3578,20.534,-97.445,17.081,-96.736,636.712
929,3562,3642,20.534,-97.445,25.649,-100.3,762.988
930,3562,3590,20.534,-97.445,23.741,-99.143,484.472
931,3562,3560,20.534,-97.445,18.65,-91.798,891.283
932,3562,3494,20.534,-97.445,16.197,-95.197,725.675
933,3562,3445,20.534,-97.445,17.805,-97.783,518.471
934,3562,3596,20.534,-97.445,17.993,-92.953,713.245
935,3562,3545,20.534,-97.445,19.242,-103.73,875.569
936,3562,3573,20.534,-97.445,18.134,-94.463,557.588
937,3562,3622,20.534,-97.445,19.704,-101.21,509.178
938,3562,3548,20.534,-97.445,19.993,-102.29,637.412
939,3562,3629,20.534,-97.445,16.835,-99.828,652.56
940,3562,3599,20.534,-97.445,27.452,-99.545,985.32
941,3562,3504,20.534,-97.445,19.436,-100.35,421.962
942,3562,3649,20.534,-97.445,20.674,-103.34,749.867
943,3562,3273,20.534,-97.445,15.875,-97.077,978.995
944,3562,3365,20.534,-97.445,20.49,-99.223,323.775
945,3562,3594,20.534,-97.445,20.529,-100.82,466.854
946,3562,3648,20.534,-97.445,19.04,-98.193,259.895
947,3562,3542,20.534,-97.445,22.763,-102.59,802.901
948,3562,3576,20.534,-97.445,18.461,-97.408,430.153
949,3562,3601,20.534,-97.445,23.247,-106.42,1228.474
950,3651,3615,19.343,-99.05,19.294,-99.631,78.794
951,3651,3645,19.343,-99.05,21.122,-101.67,395.662
952,3651,3616,19.343,-99.05,24.023,-104.65,894.59
953,3651,3578,19.343,-99.05,17.081,-96.736,446.667
954,3651,3642,19.343,-99.05,25.649,-100.3,920.18
955,3651,3590,19.343,-99.05,23.741,-99.143,738.388
956,3651,3560,19.343,-99.05,18.65,-91.798,914.895
957,3651,3494,19.343,-99.05,16.197,-95.197,711.317
958,3651,3445,19.343,-99.05,17.805,-97.783,299.568
959,3651,3596,19.343,-99.05,17.993,-92.953,736.857
960,3651,3545,19.343,-99.05,19.242,-103.73,684.57
961,3651,3573,19.343,-99.05,18.134,-94.463,581.2
962,3651,3622,19.343,-99.05,19.704,-101.21,318.179
963,3651,3548,19.343,-99.05,19.993,-102.29,446.413
964,3651,3629,19.343,-99.05,16.835,-99.828,380.585
965,3651,3599,19.343,-99.05,27.452,-99.545,1124.103
966,3651,3504,19.343,-99.05,19.436,-100.35,173.129
967,3651,3649,19.343,-99.05,20.674,-103.34,558.868
968,3651,3273,19.343,-99.05,15.875,-97.077,762.127
969,3651,3365,19.343,-99.05,20.49,-99.223,162.431
970,3651,3594,19.343,-99.05,20.529,-100.82,275.309
971,3651,3648,19.343,-99.05,19.04,-98.193,123.028
972,3651,3542,19.343,-99.05,22.763,-102.59,611.357
973,3651,3576,19.343,-99.05,18.461,-97.408,240.108
974,3651,3601,19.343,-99.05,23.247,-106.42,1037.475
975,3615,3645,19.294,-99.631,21.122,-101.67,364.316
976,3615,3616,19.294,-99.631,24.023,-104.65,863.243
977,3615,3578,19.294,-99.631,17.081,-96.736,517.57
978,3615,3642,19.294,-99.631,25.649,-100.3,888.833
979,3615,3590,19.294,-99.631,23.741,-99.143,707.041
980,3615,3560,19.294,-99.631,18.65,-91.798,985.798
981,3615,3494,19.294,-99.631,16.197,-95.197,782.22
982,3615,3445,19.294,-99.631,17.805,-97.783,363.925
983,3615,3596,19.294,-99.631,17.993,-92.953,807.76
984,3615,3545,19.294,-99.631,19.242,-103.73,596.127
985,3615,3573,19.294,-99.631,18.134,-94.463,652.103
986,3615,3622,19.294,-99.631,19.704,-101.21,229.736
987,3615,3548,19.294,-99.631,19.993,-102.29,357.97
988,3615,3629,19.294,-99.631,16.835,-99.828,396.27
989,3615,3599,19.294,-99.631,27.452,-99.545,1092.756
990,3615,3504,19.294,-99.631,19.436,-100.35,94.738
991,3615,3649,19.294,-99.631,20.674,-103.34,470.425
992,3615,3273,19.294,-99.631,15.875,-97.077,777.812
993,3615,3365,19.294,-99.631,20.49,-99.223,194.839
994,3615,3594,19.294,-99.631,20.529,-100.82,243.963
995,3615,3648,19.294,-99.631,19.04,-98.193,193.932
996,3615,3542,19.294,-99.631,22.763,-102.59,580.01
997,3615,3576,19.294,-99.631,18.461,-97.408,311.011
998,3615,3601,19.294,-99.631,23.247,-106.42,949.032
999,3645,3616,21.122,-101.67,24.023,-104.65,530.619
1000,3645,3578,21.122,-101.67,17.081,-96.736,831.641
1001,3645,3642,21.122,-101.67,25.649,-100.3,703.57
1002,3645,3590,21.122,-101.67,23.741,-99.143,513.762
1003,3645,3560,21.122,-101.67,18.65,-91.798,1299.869
1004,3645,3494,21.122,-101.67,16.197,-95.197,1096.291
1005,3645,3445,21.122,-101.67,17.805,-97.783,696.62
1006,3645,3596,21.122,-101.67,17.993,-92.953,1121.831
1007,3645,3545,21.122,-101.67,19.242,-103.73,419.687
1008,3645,3573,21.122,-101.67,18.134,-94.463,966.174
1009,3645,3622,21.122,-101.67,19.704,-101.21,202.839
1010,3645,3548,21.122,-101.67,19.993,-102.29,162.658
1011,3645,3629,21.122,-101.67,16.835,-99.828,763.474
1012,3645,3599,21.122,-101.67,27.452,-99.545,907.493
1013,3645,3504,21.122,-101.67,19.436,-100.35,329.074
1014,3645,3649,21.122,-101.67,20.674,-103.34,221.082
1015,3645,3273,21.122,-101.67,15.875,-97.077,1145.016
1016,3645,3365,21.122,-101.67,20.49,-99.223,324.139
1017,3645,3594,21.122,-101.67,20.529,-100.82,129.669
1018,3645,3648,21.122,-101.67,19.04,-98.193,508.003
1019,3645,3542,21.122,-101.67,22.763,-102.59,247.721
1020,3645,3576,21.122,-101.67,18.461,-97.408,625.082
1021,3645,3601,21.122,-101.67,23.247,-106.42,699.689
1022,3616,3578,24.023,-104.65,17.081,-96.736,1332.232
1023,3616,3642,24.023,-104.65,25.649,-100.3,594.933
1024,3616,3590,24.023,-104.65,23.741,-99.143,802.577
1025,3616,3560,24.023,-104.65,18.65,-91.798,1800.46
1026,3616,3494,24.023,-104.65,16.197,-95.197,1596.882
1027,3616,3445,24.023,-104.65,17.805,-97.783,1197.211
1028,3616,3596,24.023,-104.65,17.993,-92.953,1622.422
1029,3616,3545,24.023,-104.65,19.242,-103.73,769.021
1030,3616,3573,24.023,-104.65,18.134,-94.463,1466.765
1031,3616,3622,24.023,-104.65,19.704,-101.21,727.781
1032,3616,3548,24.023,-104.65,19.993,-102.29,727.449
1033,3616,3629,24.023,-104.65,16.835,-99.828,1264.065
1034,3616,3599,24.023,-104.65,27.452,-99.545,798.856
1035,3616,3504,24.023,-104.65,19.436,-100.35,854.016
1036,3616,3649,24.023,-104.65,20.674,-103.34,575.201
1037,3616,3273,24.023,-104.65,15.875,-97.077,1645.607
1038,3616,3365,24.023,-104.65,20.49,-99.223,824.729
1039,3616,3594,24.023,-104.65,20.529,-100.82,654.611
1040,3616,3648,24.023,-104.65,19.04,-98.193,1008.594
1041,3616,3542,24.023,-104.65,22.763,-102.59,289.538
1042,3616,3576,24.023,-104.65,18.461,-97.408,1125.673
1043,3616,3601,24.023,-104.65,23.247,-106.42,261.7
1044,3578,3642,17.081,-96.736,25.649,-100.3,1353.096
1045,3578,3590,17.081,-96.736,23.741,-99.143,1073.283
1046,3578,3560,17.081,-96.736,18.65,-91.798,762.11
1047,3578,3494,17.081,-96.736,16.197,-95.197,265.99
1048,3578,3445,17.081,-96.736,17.805,-97.783,169.185
1049,3578,3596,17.081,-96.736,17.993,-92.953,584.072
1050,3578,3545,17.081,-96.736,19.242,-103.73,1116.941
1051,3578,3573,17.081,-96.736,18.134,-94.463,428.415
1052,3578,3622,17.081,-96.736,19.704,-101.21,750.55
1053,3578,3548,17.081,-96.736,19.993,-102.29,878.784
1054,3578,3629,17.081,-96.736,16.835,-99.828,668.788
1055,3578,3599,17.081,-96.736,27.452,-99.545,1557.019
1056,3578,3504,17.081,-96.736,19.436,-100.35,611.318
1057,3578,3649,17.081,-96.736,20.674,-103.34,991.239
1058,3578,3273,17.081,-96.736,15.875,-97.077,259.313
1059,3578,3365,17.081,-96.736,20.49,-99.223,565.147
1060,3578,3594,17.081,-96.736,20.529,-100.82,708.226
1061,3578,3648,17.081,-96.736,19.04,-98.193,336.727
1062,3578,3542,17.081,-96.736,22.763,-102.59,1044.273
1063,3578,3576,17.081,-96.736,18.461,-97.408,210.509
1064,3578,3601,17.081,-96.736,23.247,-106.42,1469.846
1065,3642,3590,25.649,-100.3,23.741,-99.143,278.221
1066,3642,3560,25.649,-100.3,18.65,-91.798,1628.488
1067,3642,3494,25.649,-100.3,16.197,-95.197,1462.88
1068,3642,3445,25.649,-100.3,17.805,-97.783,1221.347
1069,3642,3596,25.649,-100.3,17.993,-92.953,1450.45
1070,3642,3545,25.649,-100.3,19.242,-103.73,967.542
1071,3642,3573,25.649,-100.3,18.134,-94.463,1294.793
1072,3642,3622,25.649,-100.3,19.704,-101.21,903.72
1073,3642,3548,25.649,-100.3,19.993,-102.29,899.141
1074,3642,3629,25.649,-100.3,16.835,-99.828,1288.201
1075,3642,3599,25.649,-100.3,27.452,-99.545,222.605
1076,3642,3504,25.649,-100.3,19.436,-100.35,953.813
1077,3642,3649,25.649,-100.3,20.674,-103.34,770.571
1078,3642,3273,25.649,-100.3,15.875,-97.077,1669.743
1079,3642,3365,25.649,-100.3,20.49,-99.223,820.067
1080,3642,3594,25.649,-100.3,20.529,-100.82,754.611
1081,3642,3648,25.649,-100.3,19.04,-98.193,1032.73
1082,3642,3542,25.649,-100.3,22.763,-102.59,464.506
1083,3642,3576,25.649,-100.3,18.461,-97.408,1149.809
1084,3642,3601,25.649,-100.3,23.247,-106.42,846.824
1085,3590,3560,23.741,-99.143,18.65,-91.798,1371.563
1086,3590,3494,23.741,-99.143,16.197,-95.197,1205.955
1087,3590,3445,23.741,-99.143,17.805,-97.783,928.325
1088,3590,3596,23.741,-99.143,17.993,-92.953,1193.525
1089,3590,3545,23.741,-99.143,19.242,-103.73,860.82
1090,3590,3573,23.741,-99.143,18.134,-94.463,1037.868
1091,3590,3622,23.741,-99.143,19.704,-101.21,720.62
1092,3590,3548,23.741,-99.143,19.993,-102.29,765.889
1093,3590,3629,23.741,-99.143,16.835,-99.828,1105.101
1094,3590,3599,23.741,-99.143,27.452,-99.545,500.574
1095,3590,3504,23.741,-99.143,19.436,-100.35,770.713
1096,3590,3649,23.741,-99.143,20.674,-103.34,662.215
1097,3590,3273,23.741,-99.143,15.875,-97.077,1486.643
1098,3590,3365,23.741,-99.143,20.49,-99.223,542.141
1099,3590,3594,23.741,-99.143,20.529,-100.82,571.511
1100,3590,3648,23.741,-99.143,19.04,-98.193,722.928
1101,3590,3542,23.741,-99.143,22.763,-102.59,517.041
1102,3590,3576,23.741,-99.143,18.461,-97.408,840.007
1103,3590,3601,23.741,-99.143,23.247,-106.42,1068.113
1104,3560,3494,18.65,-91.798,16.197,-95.197,632.728
1105,3560,3445,18.65,-91.798,17.805,-97.783,851.997
1106,3560,3596,18.65,-91.798,17.993,-92.953,180.041
1107,3560,3545,18.65,-91.798,19.242,-103.73,1594.322
1108,3560,3573,18.65,-91.798,18.134,-94.463,345.773
1109,3560,3622,18.65,-91.798,19.704,-101.21,1227.931
1110,3560,3548,18.65,-91.798,19.993,-102.29,1356.165
1111,3560,3629,18.65,-91.798,16.835,-99.828,1279.672
1112,3560,3599,18.65,-91.798,27.452,-99.545,1861.077
1113,3560,3504,18.65,-91.798,19.436,-100.35,1088.699
1114,3560,3649,18.65,-91.798,20.674,-103.34,1468.62
1115,3560,3273,18.65,-91.798,15.875,-97.077,886.048
1116,3560,3365,18.65,-91.798,20.49,-99.223,1042.528
1117,3560,3594,18.65,-91.798,20.529,-100.82,1185.607
1118,3560,3648,18.65,-91.798,19.04,-98.193,814.108
1119,3560,3542,18.65,-91.798,22.763,-102.59,1521.654
1120,3560,3576,18.65,-91.798,18.461,-97.408,733.795
1121,3560,3601,18.65,-91.798,23.247,-106.42,1947.227
1122,3494,3445,16.197,-95.197,17.805,-97.783,434.355
1123,3494,3596,16.197,-95.197,17.993,-92.953,454.292
1124,3494,3545,16.197,-95.197,19.242,-103.73,1428.846
1125,3494,3573,16.197,-95.197,18.134,-94.463,298.635
1126,3494,3622,16.197,-95.197,19.704,-101.21,1062.455
1127,3494,3548,16.197,-95.197,19.993,-102.29,1190.689
1128,3494,3629,16.197,-95.197,16.835,-99.828,645.773
1129,3494,3599,16.197,-95.197,27.452,-99.545,1695.601
1130,3494,3504,16.197,-95.197,19.436,-100.35,923.223
1131,3494,3649,16.197,-95.197,20.674,-103.34,1303.144
1132,3494,3273,16.197,-95.197,15.875,-97.077,255.0
1133,3494,3365,16.197,-95.197,20.49,-99.223,877.052
1134,3494,3594,16.197,-95.197,20.529,-100.82,1020.131
1135,3494,3648,16.197,-95.197,19.04,-98.193,648.632
1136,3494,3542,16.197,-95.197,22.763,-102.59,1356.178
1137,3494,3576,16.197,-95.197,18.461,-97.408,475.679
1138,3494,3601,16.197,-95.197,23.247,-106.42,1781.751
1139,3445,3596,17.805,-97.783,17.993,-92.953,705.104
1140,3445,3545,17.805,-97.783,19.242,-103.73,982.742
1141,3445,3573,17.805,-97.783,18.134,-94.463,549.447
1142,3445,3622,17.805,-97.783,19.704,-101.21,616.351
1143,3445,3548,17.805,-97.783,19.993,-102.29,744.585
1144,3445,3629,17.805,-97.783,16.835,-99.828,501.307
1145,3445,3599,17.805,-97.783,27.452,-99.545,1422.275
1146,3445,3504,17.805,-97.783,19.436,-100.35,460.193
1147,3445,3649,17.805,-97.783,20.674,-103.34,857.04
1148,3445,3273,17.805,-97.783,15.875,-97.077,424.105
1149,3445,3365,17.805,-97.783,20.49,-99.223,447.8
1150,3445,3594,17.805,-97.783,20.529,-100.82,573.481
1151,3445,3648,17.805,-97.783,19.04,-98.193,218.932
1152,3445,3542,17.805,-97.783,22.763,-102.59,909.529
1153,3445,3576,17.805,-97.783,18.461,-97.408,119.22
1154,3445,3601,17.805,-97.783,23.247,-106.42,1335.647
1155,3596,3545,17.993,-92.953,19.242,-103.73,1417.524
1156,3596,3573,17.993,-92.953,18.134,-94.463,168.975
1157,3596,3622,17.993,-92.953,19.704,-101.21,1051.133
1158,3596,3548,17.993,-92.953,19.993,-102.29,1179.367
1159,3596,3629,17.993,-92.953,16.835,-99.828,1102.874
1160,3596,3599,17.993,-92.953,27.452,-99.545,1684.279
1161,3596,3504,17.993,-92.953,19.436,-100.35,911.901
1162,3596,3649,17.993,-92.953,20.674,-103.34,1291.822
1163,3596,3273,17.993,-92.953,15.875,-97.077,709.25
1164,3596,3365,17.993,-92.953,20.49,-99.223,865.73
1165,3596,3594,17.993,-92.953,20.529,-100.82,1008.809
1166,3596,3648,17.993,-92.953,19.04,-98.193,637.31
1167,3596,3542,17.993,-92.953,22.763,-102.59,1344.856
1168,3596,3576,17.993,-92.953,18.461,-97.408,556.997
1169,3596,3601,17.993,-92.953,23.247,-106.42,1770.429
1170,3545,3573,19.242,-103.73,18.134,-94.463,1244.136
1171,3545,3622,19.242,-103.73,19.704,-101.21,405.726
1172,3545,3548,19.242,-103.73,19.993,-102.29,234.182
1173,3545,3629,19.242,-103.73,16.835,-99.828,717.043
1174,3545,3599,19.242,-103.73,27.452,-99.545,1167.557
1175,3545,3504,19.242,-103.73,19.436,-100.35,531.384
1176,3545,3649,19.242,-103.73,20.674,-103.34,197.472
1177,3545,3273,19.242,-103.73,15.875,-97.077,1099.361
1178,3545,3365,19.242,-103.73,20.49,-99.223,653.704
1179,3545,3594,19.242,-103.73,20.529,-100.82,420.336
1180,3545,3648,19.242,-103.73,19.04,-98.193,785.965
1181,3545,3542,19.242,-103.73,22.763,-102.59,510.833
1182,3545,3576,19.242,-103.73,18.461,-97.408,903.044
1183,3545,3601,19.242,-103.73,23.247,-106.42,662.643
1184,3573,3622,18.134,-94.463,19.704,-101.21,892.588
1185,3573,3548,18.134,-94.463,19.993,-102.29,1020.822
1186,3573,3629,18.134,-94.463,16.835,-99.828,944.329
1187,3573,3599,18.134,-94.463,27.452,-99.545,1525.734
1188,3573,3504,18.134,-94.463,19.436,-100.35,753.356
1189,3573,3649,18.134,-94.463,20.674,-103.34,1133.277
1190,3573,3273,18.134,-94.463,15.875,-97.077,550.705
1191,3573,3365,18.134,-94.463,20.49,-99.223,707.185
1192,3573,3594,18.134,-94.463,20.529,-100.82,850.264
1193,3573,3648,18.134,-94.463,19.04,-98.193,478.765
1194,3573,3542,18.134,-94.463,22.763,-102.59,1186.311
1195,3573,3576,18.134,-94.463,18.461,-97.408,398.452
1196,3573,3601,18.134,-94.463,23.247,-106.42,1611.884
1197,3622,3548,19.704,-101.21,19.993,-102.29,147.829
1198,3622,3629,19.704,-101.21,16.835,-99.828,623.43
1199,3622,3599,19.704,-101.21,27.452,-99.545,1097.716
1200,3622,3504,19.704,-101.21,19.436,-100.35,154.182
1201,3622,3649,19.704,-101.21,20.674,-103.34,289.218
1202,3622,3273,19.704,-101.21,15.875,-97.077,1004.972
1203,3622,3365,19.704,-101.21,20.49,-99.223,294.303
1204,3622,3594,19.704,-101.21,20.529,-100.82,147.128
1205,3622,3648,19.704,-101.21,19.04,-98.193,426.564
1206,3622,3542,19.704,-101.21,22.763,-102.59,446.097
1207,3622,3576,19.704,-101.21,18.461,-97.408,543.643
1208,3622,3601,19.704,-101.21,23.247,-106.42,767.825
1209,3548,3629,19.993,-102.29,16.835,-99.828,753.731
1210,3548,3599,19.993,-102.29,27.452,-99.545,1108.588
1211,3548,3504,19.993,-102.29,19.436,-100.35,302.284
1212,3548,3649,19.993,-102.29,20.674,-103.34,159.246
1213,3548,3273,19.993,-102.29,15.875,-97.077,1135.273
1214,3548,3365,19.993,-102.29,20.49,-99.223,424.604
1215,3548,3594,19.993,-102.29,20.529,-100.82,200.902
1216,3548,3648,19.993,-102.29,19.04,-98.193,556.865
1217,3548,3542,19.993,-102.29,22.763,-102.59,448.816
1218,3548,3576,19.993,-102.29,18.461,-97.408,673.944
1219,3548,3601,19.993,-102.29,23.247,-106.42,637.853
1220,3629,3599,16.835,-99.828,27.452,-99.545,1491.692
1221,3629,3504,16.835,-99.828,19.436,-100.35,485.001
1222,3629,3649,16.835,-99.828,20.674,-103.34,867.088
1223,3629,3273,16.835,-99.828,15.875,-97.077,392.605
1224,3629,3365,16.835,-99.828,20.49,-99.223,530.02
1225,3629,3594,16.835,-99.828,20.529,-100.82,642.898
1226,3629,3648,16.835,-99.828,19.04,-98.193,452.926
1227,3629,3542,16.835,-99.828,22.763,-102.59,978.946
1228,3629,3576,16.835,-99.828,18.461,-97.408,627.622
1229,3629,3601,16.835,-99.828,23.247,-106.42,1345.695
1230,3599,3504,27.452,-99.545,19.436,-100.35,1157.113
1231,3599,3649,27.452,-99.545,20.674,-103.34,973.871
1232,3599,3273,27.452,-99.545,15.875,-97.077,1873.043
1233,3599,3365,27.452,-99.545,20.49,-99.223,1052.165
1234,3599,3594,27.452,-99.545,20.529,-100.82,957.911
1235,3599,3648,27.452,-99.545,19.04,-98.193,1236.03
1236,3599,3542,27.452,-99.545,22.763,-102.59,667.806
1237,3599,3576,27.452,-99.545,18.461,-97.408,1353.109
1238,3599,3601,27.452,-99.545,23.247,-106.42,1050.124
1239,3504,3649,19.436,-100.35,20.674,-103.34,414.194
1240,3504,3273,19.436,-100.35,15.875,-97.077,864.743
1241,3504,3365,19.436,-100.35,20.49,-99.223,266.378
1242,3504,3594,19.436,-100.35,20.529,-100.82,184.426
1243,3504,3648,19.436,-100.35,19.04,-98.193,288.419
1244,3504,3542,19.436,-100.35,22.763,-102.59,571.272
1245,3504,3576,19.436,-100.35,18.461,-97.408,405.498
1246,3504,3601,19.436,-100.35,23.247,-106.42,892.801
1247,3649,3273,20.674,-103.34,15.875,-97.077,1246.846
1248,3649,3365,20.674,-103.34,20.49,-99.223,536.177
1249,3649,3594,20.674,-103.34,20.529,-100.82,303.919
1250,3649,3648,20.674,-103.34,19.04,-98.193,668.438
1251,3649,3542,20.674,-103.34,22.763,-102.59,316.424
1252,3649,3576,20.674,-103.34,18.461,-97.408,785.517
1253,3649,3601,20.674,-103.34,23.247,-106.42,480.691
1254,3273,3365,15.875,-97.077,20.49,-99.223,909.254
1255,3273,3594,15.875,-97.077,20.529,-100.82,1022.132
1256,3273,3648,15.875,-97.077,19.04,-98.193,649.824
1257,3273,3542,15.875,-97.077,22.763,-102.59,1358.18
1258,3273,3576,15.875,-97.077,18.461,-97.408,523.605
1259,3273,3601,15.875,-97.077,23.247,-106.42,1724.929
1260,3365,3594,20.49,-99.223,20.529,-100.82,200.034
1261,3365,3648,20.49,-99.223,19.04,-98.193,234.331
1262,3365,3542,20.49,-99.223,22.763,-102.59,536.082
1263,3365,3576,20.49,-99.223,18.461,-97.408,351.41
1264,3365,3601,20.49,-99.223,23.247,-106.42,1012.961
1265,3594,3648,20.529,-100.82,19.04,-98.193,385.777
1266,3594,3542,20.529,-100.82,22.763,-102.59,372.094
1267,3594,3576,20.529,-100.82,18.461,-97.408,502.856
1268,3594,3601,20.529,-100.82,23.247,-106.42,782.692
1269,3648,3542,19.04,-98.193,22.763,-102.59,718.153
1270,3648,3576,19.04,-98.193,18.461,-97.408,129.452
1271,3648,3601,19.04,-98.193,23.247,-106.42,1143.726
1272,3542,3576,22.763,-102.59,18.461,-97.408,840.186
1273,3542,3601,22.763,-102.59,23.247,-106.42,558.33
1274,3576,3601,18.461,-97.408,23.247,-106.42,1262.904
